"","X","V1","V2","HindHe","Depth","PC1","PC2","PC3","PC4","PC5","PC6","PC7","PC8","PC9","PC10","PC11","PC12","PC13","PC14","PC15"
"DS.MN.L04-DS.U.2",1,"DS.MN.L04-DS.U.2","Minneapolis",0.339914620136643,892,5.14752589934818,-0.304736747624861,-4.40891069057922,-2.76915148890482,-4.0214774618035,-0.900270522615098,1.54778828381926,-0.0564631289140424,-0.159648477878888,-0.200008155309838,0.0196250827388164,0.233716406003947,0.198609650156238,-0.101916435916057,0.0636369516101239
"DS.BO.WL3.M.4",2,"DS.BO.WL3.M.4","Boston",0.266953109556648,1891,4.68897593579463,-0.0247023452067479,-5.79432059182218,-5.33320101826711,-4.36691703061312,-0.68672075720028,0.941915118573049,0.340402200584038,-0.370154815092943,-0.444222783310428,0.238728425936412,0.170769824466558,0.418842711805017,-0.255503771258777,0.197358126690053
"DS.BO.WL1.M.4",3,"DS.BO.WL1.M.4","Boston",NA,0,2.86620999575938,-2.45527933302229,1.34453790620673,-0.334826453984512,-2.91627026696371,-1.43658366753216,2.82888004148399,0.40224784813501,-0.295061359234328,0.25899302051425,-0.097985231758578,0.0607845490921942,0.264907871220129,0.379638872086875,-0.159044037146405
"DS.BO.LC1.M.2",4,"DS.BO.LC1.M.2","Boston",0.211165312406014,1683,5.40992102327733,0.451306729889309,-4.47234424126008,-3.44856809949359,-4.07789466259851,-0.755022498790689,1.10254328139989,-0.0335356094081994,-0.171330430837213,-0.317662223270857,0.113067866761673,0.178825819464038,0.214049423116564,-0.228571141135542,0.0918178109316121
"DS.BO.HC4.M.4",5,"DS.BO.HC4.M.4","Boston",0.180420677805974,1800,5.51699485131678,0.109241184191602,-5.07301780115576,-4.24908717700048,-3.78999022533794,-0.731425452512341,1.00700375586442,0.170516338515236,-0.0947840534062447,-0.354936959742173,0.297185780554519,0.119482411312536,0.213710631923242,-0.243020837742306,0.137694182674521
"DS.BA.AA.U.1",6,"DS.BA.AA.U.1","Baltimore",0.409370467147283,63003,7.70615005680124,-0.636804290568619,0.085779542221483,0.59293535360581,-0.451813253519099,0.46171584653304,-0.369236155757695,-0.482097206209139,0.18615962597436,0.273211422369496,-0.0679198361560693,0.158187171662444,-0.600105495676464,-0.507041043439615,0.300697615029961
"DS.BA.AA.U.2",7,"DS.BA.AA.U.2","Baltimore",0.518294457657561,704773,-0.727824630192576,-3.15561989367195,-4.5959521297843,3.90330558609448,-2.80296032157792,-1.29799010673531,1.06174964724982,-2.05045308142065,2.87503486016127,-0.252871524352172,-1.20298085563986,-0.315315483381478,1.10004857791309,1.27348991408087,-0.722722776567437
"DS.BA.AA.U.4",8,"DS.BA.AA.U.4","Baltimore",0.433161174866,547752,-2.25896616397524,-5.60082227515451,-1.08794513015729,0.949577161753552,2.58340723382753,-2.36793050200727,-0.0706557828833423,0.94284977582735,-1.28777838737739,-0.0917298010329066,-0.930476623348994,4.60025512077348,-6.12609119822255,1.69626494635749,2.02260934548676
"DS.BA.CP.U.2",9,"DS.BA.CP.U.2","Baltimore",0.339621369165511,159389,6.08236402556102,2.07062789852986,-2.00617174475307,-1.57551155661899,1.42007717339859,0.344876726835896,-1.1760046418262,0.784800413706686,0.457960370346936,-0.0842821059157933,0.868948933976322,0.0141863748156478,-0.109092492672661,-0.0879627636796621,0.440328712820674
"DS.BA.CP.U.5",10,"DS.BA.CP.U.5","Baltimore",0.496677029125012,662107,0.396978205523104,-2.59509691706112,-4.58077950092978,5.47401266010461,-0.122613261513127,-0.321835708203085,0.995289847739125,-0.770607872049414,1.74637095372731,1.41025457997229,-2.74641225589388,-0.163401052508387,-0.496202760097724,-1.10963176063131,0.331699775471918
"DS.BA.DHI.U.1",11,"DS.BA.DHI.U.1","Baltimore",0.500328875614723,675147,0.293048485608058,-2.58652658256722,-5.27564035346508,4.24740863752279,0.428617938500033,-0.505601318763233,-0.044420582210729,-0.653600179506081,2.1528299262996,1.6863806891502,-1.4407448843606,-0.0889263876539623,-2.81102125450743,-2.45366139607034,0.585240127128939
"DS.BA.DHI.U.3",12,"DS.BA.DHI.U.3","Baltimore",0.423004106407008,491076,-3.76923303333734,-4.99218040080456,-4.35214565924495,-1.25779226130741,6.11891124287644,-3.27563330967224,-2.3280660609282,-4.68852865029309,1.46609503801314,-3.18502693887833,5.77466309305403,-1.14318869422612,5.35751845211248,-0.376308778541558,-5.67650178149721
"DS.BA.DHI.U.4",13,"DS.BA.DHI.U.4","Baltimore",0.470204405381026,540026,0.74890506217207,-0.598230626849069,-5.18598178165553,4.94973117142606,-0.219294635212876,1.02009246086801,0.123888358429368,-0.538147004132469,1.72363561831874,0.677809405826781,-1.18188616697401,-0.908064842868489,-1.14454814393648,-1.76623046333252,1.5348277179293
"DS.BA.DHI.U.5",14,"DS.BA.DHI.U.5","Baltimore",0.422436503579114,262775,2.81833860511351,-0.125798854709797,-3.07364980884917,0.133131787013192,2.18742846235179,-0.672621427642445,3.68163283118059,0.802487935866688,-0.298901514657109,1.70059375741655,-0.0519508411946009,0.56215947339351,1.1764467517487,1.15026376885582,-0.698814233436133
"DS.BA.GA.U.1",15,"DS.BA.GA.U.1","Baltimore",0.278628866006766,111617,6.24581766084211,-2.5648316894507,1.43567709798078,-0.299431825471353,0.853816027695504,2.94241954232477,-3.08772484940721,-2.3149865211382,-1.05109739038779,0.308800536215182,0.322215541859625,-0.382692919482378,0.112408531199147,1.26747959593229,1.76922065408107
"DS.BA.GA.U.2",16,"DS.BA.GA.U.2","Baltimore",0.419233430595273,474738,-3.45693469090757,-4.05636935112483,-7.21284835287904,-6.23273553252257,2.43213500393734,-3.6973252888802,-0.0880099397682649,-3.36909398486822,-0.0537727885537662,-3.60576440373194,6.12818787000875,0.144468960564682,1.6105625699527,-2.48551020662706,0.0015771961939012
"DS.BA.GA.U.3",17,"DS.BA.GA.U.3","Baltimore",0.399860081502545,115526,7.16531400325633,1.69552846265183,-1.87417922578053,0.471322038243534,-0.152088822381201,0.118598263239817,0.859728211591854,0.95145377281104,1.48987731651248,0.194225617431584,0.326629397263822,-0.101020072353196,-0.56974411641347,0.248325353559042,0.358762742487158
"DS.BA.GA.U.4",18,"DS.BA.GA.U.4","Baltimore",0.462666045219561,720616,-1.59563922583312,-2.14689968797667,-6.26392149829817,2.63195353517514,5.57807274711658,-3.16311673249086,0.630771667328237,1.37281230160755,4.50386238315952,0.553278957907079,-0.236331699637849,-0.462338959762152,-0.855228951841413,2.00980937391958,-1.34064064288697
"DS.BA.LA.U.1",19,"DS.BA.LA.U.1","Baltimore",0.329790467349311,255920,1.12986499704655,-6.78491664165959,-0.67728628405723,0.697666222359429,4.5032017006016,3.52087981837138,-0.668186765285909,-2.0427825243176,-2.39441915339762,1.19014699379182,2.0155441796203,1.65640095653873,0.827732885489031,-1.32580173165836,-0.598292198869696
"DS.BA.LA.U.2",20,"DS.BA.LA.U.2","Baltimore",0.359405473864016,133268,7.81860885469228,-0.910316279521154,1.58351717726445,-0.288178893412307,0.934180789063349,0.578165278466493,-1.71997536116472,-0.820977129992742,-0.530714552871812,-0.134555745696911,0.133445494321758,0.974342914708518,-0.647146273114347,-0.305863810104703,-0.0340324582884837
"DS.BA.LA.U.3",21,"DS.BA.LA.U.3","Baltimore",0.38696899935728,423254,-2.53858736446134,-5.86452399009357,-4.11008018518333,-4.00073011168776,4.22718854028783,-3.05436027973814,-1.80154207035756,-2.94011431821807,-1.42620136723189,-1.76867159054468,4.85651443350009,2.89286594983293,-0.313506717668057,-2.20294021520493,1.13855064673624
"DS.BA.LA.U.5",22,"DS.BA.LA.U.5","Baltimore",0.487597775739126,617934,-0.610972307673767,-3.73669194539603,-2.92319731294179,2.76326610670957,1.83888842888084,-2.34784094051562,2.13519868732191,0.15678346577375,0.155894223549136,1.24038320389989,-1.29150098983002,2.79453441011979,-1.72353549556092,1.82537024216506,-0.0352152538456074
"DS.BA.LH-1.M.1",23,"DS.BA.LH-1.M.1","Baltimore",0.349368320173308,90261,6.15904250590177,-1.92015360703481,0.973993612731142,0.702459055776189,0.159070285789234,0.147248175505408,-0.204378930138219,-0.580225935772328,-0.484136694825562,0.201954913823905,0.183587024532732,0.907597266550336,-0.725216275461159,-0.185057950614398,-0.16550628471256
"DS.BA.LH-1.M.2",24,"DS.BA.LH-1.M.2","Baltimore",0.452703172280216,472676,2.52631355012795,-0.604937343347481,-4.42455065066357,4.7993938190446,2.49939955838145,0.590218881330177,1.68095353009701,2.17391788677167,1.49734252571809,0.868264184581625,0.384158036431882,0.494957876655824,-1.90489122225539,-0.330721470989186,2.25196802356519
"DS.BA.LH-1.M.4",25,"DS.BA.LH-1.M.4","Baltimore",0.386760410288108,284118,2.85766416650903,3.6336244042693,-3.59002717618033,-0.913646293130096,2.22415918067153,-0.489638738779432,0.1637361675244,1.14974698249963,1.80093103065049,1.03564730010975,-0.393169935430366,-1.11046950384077,0.859118793572326,-0.0435690053699458,-0.537914762521604
"DS.BA.LH-2.M.1",26,"DS.BA.LH-2.M.1","Baltimore",0.448605658663069,495067,1.98997953329525,0.463085594493906,-5.93633242671309,4.84803986527438,2.83061183733793,-0.533310651899509,-0.130777961998019,2.13023202841363,3.45191175760669,0.515053432632109,-1.07915784919801,-1.67267444456008,-0.531861026949143,-1.59004432490842,0.5478173422975
"DS.BA.LH-2.M.3",27,"DS.BA.LH-2.M.3","Baltimore",0.37112914708014,275041,3.95082423655183,1.23729556358876,-5.11892183899894,0.167919567938466,2.56989849461506,-1.17375374208745,-0.0255679337970174,1.41261331590525,2.29279988573334,0.148064588510334,1.74233574279103,-0.973611487267838,0.431891420752177,0.503912839696763,-0.118954685924207
"DS.BA.LH-2.M.5",28,"DS.BA.LH-2.M.5","Baltimore",0.428191877012964,592775,-4.06300689787872,4.78762187090489,-1.5189059107555,3.71308609251911,0.0904641851612502,0.585772687539786,-0.59928685607385,-1.89337180323263,4.19457659005303,-0.768819624781598,-3.14200196916225,-2.86370881950259,0.229015846327899,-4.88877771455266,-0.455323206106515
"DS.BA.LH-3.M.1",29,"DS.BA.LH-3.M.1","Baltimore",0.458551572293844,713306,-2.51195446211953,-1.01922131242524,-4.71435631814746,5.59019661663916,1.22939965138433,0.484063483322699,-3.03663435457011,-1.29514481937058,5.82529064558344,-1.0945189997258,-3.91662495412515,-3.92065100867266,2.80649824119712,-3.80182443170622,-2.44643452458209
"DS.BA.LH-3.M.2",30,"DS.BA.LH-3.M.2","Baltimore",0.453238581422363,448970,-0.721038246144238,-1.18381917246132,-4.77222711175423,1.89637137208984,5.1394699945978,-2.45664642986024,1.27657703751586,1.63189367557928,2.29017466150863,2.25454829250892,-0.462676916738557,0.724255131010201,3.10883573995169,1.40032680417924,-0.868483231632983
"DS.BA.LH-3.M.3",31,"DS.BA.LH-3.M.3","Baltimore",0.380567240160423,206194,5.83838874221753,2.99532039516658,-0.281042026614895,-0.126405940884637,2.27983707383991,0.754086970161283,-1.95745122345658,-0.922676010592341,2.20519889038384,-0.116865055147302,-0.165744794056649,-0.192626378326536,-0.843315559880143,0.465056257097089,0.181910550379861
"DS.BA.LH-3.M.4",32,"DS.BA.LH-3.M.4","Baltimore",0.361880856324231,577582,-0.809524711215771,-8.53765104315592,2.00962713863087,-0.208598435760904,5.69849065455014,6.30439902639812,-11.2100578007061,-4.66798602493207,-4.57198727747516,-2.60011565271715,-2.9457235855568,0.234084908892227,5.80678155942421,-2.06167495967628,3.87877441952531
"DS.BA.LH-3.M.5",33,"DS.BA.LH-3.M.5","Baltimore",0.43747104004647,490906,1.47515321016581,2.20141645256825,-5.41988501537109,5.09130431094709,3.08547867519053,0.501762366791905,-0.527489200440521,2.73117405641587,3.01969208723906,0.487186352169605,0.10954857894762,-1.05715653497247,0.77140428662169,-0.154640881870332,0.145152664714083
"DS.BA.LL-3.M.1",34,"DS.BA.LL-3.M.1","Baltimore",0.386358976097974,293533,3.49924223694932,0.786121948618948,-4.44251287885687,1.27114008036268,4.33155719935573,-0.872378093309052,0.238911506073602,1.98182011573947,2.26134812581619,0.843205153888154,0.835351347801955,-0.708342352585107,-1.13748141379235,0.524924201353618,0.805848780617237
"DS.BA.LL-3.M.3",35,"DS.BA.LL-3.M.3","Baltimore",0.45432569503946,769550,0.199901612895618,0.0553445256924278,-7.08390872838754,5.86924471614825,1.05604871683269,-0.365312450754999,-0.522193844158609,2.62612460968668,5.33536689367663,0.0246527315156757,-1.6788838328607,-3.29312632467563,0.538818580900007,-1.04647530491223,-0.898626993535639
"DS.BA.LL-4.M.1",36,"DS.BA.LL-4.M.1","Baltimore",0.435362083638388,591268,-4.1244986852414,-4.82895483597918,-3.540478827838,-1.93960337447476,4.58351452403293,-3.9570431806752,-0.410213328856699,-4.27847751618193,3.29518148996275,-2.44924669791964,6.88932803068872,0.186273979681441,1.85886135944222,2.39883703773351,-3.10563469037143
"DS.BA.LL-4.M.3",37,"DS.BA.LL-4.M.3","Baltimore",0.45783469523708,534453,-1.23203894413585,-2.81775554954956,-3.91342277390937,3.49283104407416,5.32137611166209,-1.79832795380197,2.69095153562693,1.31729917080894,-0.949464638439586,2.31031067021107,-1.41166350963059,1.91508300385644,2.27763806986732,1.79131205836925,0.142369508129988
"DS.BA.LL-4.M.5",38,"DS.BA.LL-4.M.5","Baltimore",0.399950777151271,581959,-3.0793408637192,-2.43619448347349,-8.47416359589154,-6.39855257086166,1.19522368123697,-4.34385193849448,-1.21825308291291,-1.5479011679787,2.46157650013447,-3.7744958959485,6.82424245620824,-1.92801042953743,2.73086677194106,0.0531159706045534,-3.73230271698864
"DS.BA.PIK.U.1",39,"DS.BA.PIK.U.1","Baltimore",0.431279134752182,657301,1.81871921540305,-0.517988126594157,-4.22040874924117,5.43737995051386,4.23780488583145,0.81283849458327,-0.617126913254597,4.44729440265823,-1.51105088967099,-0.394211771480936,2.14978298959193,-1.13099500072983,-3.41043602154098,-0.992478168195874,4.5616710359865
"DS.BA.PIK.U.3",40,"DS.BA.PIK.U.3","Baltimore",0.322516078333634,140015,4.02216393425265,7.39271723276743,0.463475747502904,-4.07944967495279,0.327899757988115,1.07141232619199,-0.477194876186079,-0.635427862534269,1.17459310084336,-0.928979995020068,0.802711057455843,-0.425965647428533,0.334558299589784,-0.28031910990348,-0.39987595355535
"DS.BA.PSP.M.2",41,"DS.BA.PSP.M.2","Baltimore",0.345465793607065,137611,7.08841587868463,1.65702790009713,0.679686105211061,-0.997885208721456,1.72364841494381,0.731070940489867,-1.80920733054461,-0.912939031419778,0.420959290546663,-0.0501439322227913,0.340947440543924,-0.139522126051036,-0.757124497712958,0.0527677404422727,0.00630630237398017
"DS.BA.PSP.M.5",42,"DS.BA.PSP.M.5","Baltimore",0.502049740998435,677472,-0.65403279363489,-2.98392305393023,-4.04402638496851,5.59215595379312,-1.35737608110627,-0.757725520725273,-0.206402810353641,-1.56968320885568,2.3176822869739,0.520280638016766,-2.62845444304867,0.754299551531605,-0.820276623715573,-0.679261108960755,-0.877499367043559
"DS.BA.RG-1.M.1",43,"DS.BA.RG-1.M.1","Baltimore",0.50424248249376,883182,-2.89536212582027,-2.56871372057193,-4.40945370853095,2.7188437715653,5.83417942265309,-1.75753244076159,0.214097421120135,-0.582307269192806,3.64601496184141,0.809996219006094,-0.799009579977693,0.628116397199296,3.57218374335557,3.75604130497579,-5.94780371679738
"DS.BA.RG-1.M.3",44,"DS.BA.RG-1.M.3","Baltimore",0.426810102066812,604374,-2.73884922536419,-6.58530390204506,-0.180087777797199,1.81358114448861,5.50448087088164,3.16567425817736,-6.92845832789014,-2.68418860967213,-4.13811470507792,-3.19104945620288,-5.99665222976798,3.97438416255982,3.20544005192982,1.38214208289321,-1.68111588193709
"DS.BA.RG-1.M.4",45,"DS.BA.RG-1.M.4","Baltimore",0.439204411787624,308329,4.43388169220823,2.26162338222776,-2.75128902915729,3.12788656554712,1.60236596465143,-0.211874605282572,0.304224750044779,1.08922449820454,1.68075829004372,0.971460398737128,-0.438305170676385,-0.265765885771056,-0.358255714946445,0.0677305054466413,-0.55079120327994
"DS.BA.RG-2.M.2",46,"DS.BA.RG-2.M.2","Baltimore",0.407645412554856,437188,-3.32398843005109,-3.05482684016337,-5.03795154760355,-0.638142971163397,2.52218174408779,-2.1198531341117,1.00836301821904,-1.26399616976947,0.557721958229405,-1.62194698124811,-2.93869348726833,0.328318501336044,-0.362347326603795,-0.325499748836785,-1.0160630335282
"DS.BA.RG-2.M.3",47,"DS.BA.RG-2.M.3","Baltimore",0.435017826450581,441820,2.66386411424393,0.73322126740897,-5.64611914090984,3.80578957564363,2.54586991724758,1.20391810791948,1.32480235549184,4.86837394683318,1.95282162694066,0.60267290176439,1.53043474238315,-0.841995895855451,-1.67097705996157,1.64849142027107,2.54366804844027
"DS.BA.RG-2.M.4",48,"DS.BA.RG-2.M.4","Baltimore",0.462682623732152,612415,0.00893509304586878,-2.17098249208005,-5.32475387119978,2.46080311446545,4.73791325726022,-2.21348022817533,1.0997233988778,2.7233599236694,2.2615082781535,2.28274606891657,0.353360196772442,1.19474277476678,2.18869215608584,2.84663579631927,-0.0375306041324834
"DS.BA.RG-2.M.5",49,"DS.BA.RG-2.M.5","Baltimore",0.291023857370959,52852,6.81307989663329,-3.51905841101265,2.43288889306341,-0.0679500022026159,1.37245725190855,2.57040105814254,-2.86936846028439,-1.13849760379782,-1.366056741389,-0.538148579433833,-0.187875965677319,0.366859097391075,0.613593964305743,-0.59229065135066,0.710650071739624
"DS.BA.TRC.U.2",50,"DS.BA.TRC.U.2","Baltimore",0.4094524442537,535193,-2.42549391653771,-7.5138208203099,-0.377691376849863,0.268366811275293,6.52756055314443,2.92657010304565,-7.61671650937458,-3.08859076737084,-4.84929678528733,-5.3099939860899,-3.52152680976977,1.02562979159391,4.24696174801409,-1.60125175231497,-0.694532981886772
"DS.BA.TRC.U.3",51,"DS.BA.TRC.U.3","Baltimore",0.488069222116403,807702,1.79116710704209,-1.94658380253147,-4.72803084964813,5.52424938578124,0.224519177989515,-0.472975751862209,0.139976163076886,0.428367230624049,2.95853041860235,0.288959893548097,-2.13199732538072,-0.0097070826904538,-2.2046604062439,-1.90545222438922,0.921471489746091
"DS.BA.TRC.U.4",52,"DS.BA.TRC.U.4","Baltimore",0.42219093551354,75108,7.14916516436409,-1.03638585234945,0.333767577405161,0.562145098729666,-0.33984628303573,0.60629887649231,0.0216425371218695,-0.600546722003956,-0.109723775848753,0.0676506511832235,0.281314523064264,0.248621843198263,-0.563003481492137,0.22677346848161,0.323031023698636
"DS.BA.TRC.U.5",53,"DS.BA.TRC.U.5","Baltimore",0.382605549446292,273710,3.87490831360776,1.28533198627866,-4.35363490296851,0.624767964344857,3.95990388824786,-0.600372653347614,0.202445794442614,1.17952405142245,2.09690075620725,0.131665210466257,1.09120664250862,-1.56305967318033,0.266278746730983,0.112745836946493,-0.44173171037957
"DS.BA.W3.M.2",54,"DS.BA.W3.M.2","Baltimore",0.451140164336944,655110,0.62791729093245,1.35222900833322,-7.07816264425344,5.53851875081752,5.46820629186209,-0.0319849056185661,-0.278516497165388,5.97572518855662,4.51253565031892,0.367106023836994,0.615444261505523,-4.51231754094999,-1.02999852398392,0.289339427071377,1.91735979516766
"DS.BA.W3.M.3",55,"DS.BA.W3.M.3","Baltimore",0.367459723879723,44400,6.4999639614864,-0.894581295012756,-2.25046455983977,-0.825386533292094,-1.36677232441478,-0.696432164684583,0.969430938444169,-0.591045895927257,0.307553530414999,-0.101682552216213,0.436782166320918,0.475102512536673,-0.567693069441338,-0.123573582615601,-0.258969414846153
"DS.BA.W3.M.4",56,"DS.BA.W3.M.4","Baltimore",0.352527869925175,148601,7.11176373365413,2.14860046334549,-1.34077122887097,-1.88877789667447,0.96353965013356,0.77516151851556,-0.623625339660727,-0.749864103798877,1.04398668070644,-0.0713656493703697,1.15901077030626,-0.377151701247623,-0.00909853082980304,0.174921154595158,0.0992736334803787
"DS.BA.WB.U.2",57,"DS.BA.WB.U.2","Baltimore",0.411474978500937,629921,-0.755067432542016,-4.18381429306288,-0.361809127286341,0.446851689670568,6.12428379625301,-0.948293811936707,-3.68308469614787,-0.20083908103883,-1.12822253781009,-0.887789912414051,-2.30133228528464,6.15355525783898,-6.8201358581452,1.98281347367362,-1.99363172486067
"DS.BA.WB.U.3",58,"DS.BA.WB.U.3","Baltimore",0.336892678954252,213407,3.34072691926979,-5.6020328151467,2.43869013210793,1.71920735830966,1.38668561886964,5.90206153032542,0.0534104748731214,0.421787975640345,-0.531771788905083,-0.590657381841863,0.148331872093341,0.113757318856854,0.534695675295546,-1.02449284601888,0.109207651910338
"DS.BA.WB.U.4",59,"DS.BA.WB.U.4","Baltimore",0.445068796667508,366925,1.20253102485517,-2.03594242381763,-4.5136950470847,1.23665613497979,3.44751959345011,-1.11191463881872,3.84830540695456,2.02195566748283,-0.639271331266366,2.07474530019041,-0.215348327040112,0.505473575382338,0.223990304442193,1.14905773169293,0.816724669908611
"DS.BA.WB.U.5",60,"DS.BA.WB.U.5","Baltimore",0.350249997970936,96622,8.03044222510448,3.74967241858906,0.843185541008409,-1.97374711288672,-0.292517546306366,0.704989641609375,-0.675555845657932,-0.437668782647186,0.956494852633348,-0.554361206539342,0.431772726515387,-0.28827812417783,-0.324606455209453,0.175679109840498,-0.204280006118768
"DS.BO.HC1.M.1",61,"DS.BO.HC1.M.1","Boston",0.381846854809589,234521,3.03174912204942,8.05053072108169,1.29288216204288,-1.27814143830576,1.36605517217573,0.192379660738339,-0.7607691502019,-0.39730117420546,1.01312723709024,0.761192332880838,-0.299805466713191,-0.106494110267169,0.987531479580928,1.35615717257099,-0.443284265604136
"DS.BO.HC1.M.2",62,"DS.BO.HC1.M.2","Boston",0.295854774511946,387597,-6.3322999247803,-0.735835576657893,-9.88491670591828,-11.9178462327624,-2.77439543176807,2.94888191178035,1.3966755291886,-0.291869085879988,-3.6797548496742,-1.92763820728195,-4.11447190370403,-2.98859653120552,0.43319930396563,-1.3806897544264,3.06183226813306
"DS.BO.HC1.M.3",63,"DS.BO.HC1.M.3","Boston",0.178458616622497,4807,2.85450391106091,-2.61612219606575,-3.72653645972034,-2.94050599114361,-4.57544474887273,-1.63862369610735,1.96980998926551,0.605836976506309,-0.280017663161368,-0.0619235943197001,0.424049736509524,0.36817525239318,0.441919672772101,0.0354945879522535,0.0364382872959397
"DS.BO.HC1.M.5",64,"DS.BO.HC1.M.5","Boston",0.347821637250087,104427,5.74862807487806,7.13622503982059,2.5405910237869,-2.95445960588716,-0.446397270391151,0.114260371266105,-1.34292922014577,-1.22298911202869,0.496343341040623,-0.0373887719906078,0.195245946873994,0.0480488620604619,0.027307551620219,0.730697721058099,-0.190566949407953
"DS.BO.HC2.M.2",65,"DS.BO.HC2.M.2","Boston",0.350692741612134,522332,-7.22576017719329,0.217373693882095,-3.67420865301078,-5.73559535333828,-6.39652243394464,3.28108034557571,-10.5753431074164,11.1351620579208,2.95108093603865,7.36131707786963,-0.635389068630962,5.79993187776888,6.28162445880399,-0.499333017371142,-0.716702622361756
"DS.BO.HC2.M.3",66,"DS.BO.HC2.M.3","Boston",0.461256814507674,516304,-4.568304714306,3.02320493937168,-0.794220130515055,1.0556221189067,0.144273645584816,-2.19756372667123,1.37986934963821,-1.22189585759865,-1.09813093266638,1.30716632239465,-2.28227928886712,1.45789232378556,3.57812184647988,0.862469300194997,-2.22607958802706
"DS.BO.HC2.M.4",67,"DS.BO.HC2.M.4","Boston",0.340803867899716,196440,2.60660339625418,8.34115661259739,1.98695539349552,-3.14397786754161,2.23362203615126,-0.0759262685856146,-0.774157490191158,-0.727006708569216,0.635998692450974,0.082125949580592,-0.217030838035968,-0.449984243004807,0.141689277228782,-0.124798221086029,-0.577770090178028
"DS.BO.HC2.M.5",68,"DS.BO.HC2.M.5","Boston",0.412816851299499,543570,-7.96672758694228,-1.74396927731498,-3.31149285272964,-6.22954625078525,-4.41854984927434,-1.05209114400718,-8.45537604276651,5.38251515956696,1.55440119059032,1.16330052045514,-3.67515330095978,6.57748043944989,0.318398395371329,0.463124305434879,-1.60924180202939
"DS.BO.HC4.M.1",69,"DS.BO.HC4.M.1","Boston",0.488474587037573,574414,-3.2600884689401,2.25780906969603,-1.10903292270236,4.52238089973863,-6.20651020079518,-0.337744144361136,-0.968684695021342,-2.8985734043443,0.306524619178931,-0.539095083278853,0.821781245270856,0.0219647951086337,0.126304091417616,-0.0506277267125172,-0.30379793102753
"DS.BO.HC4.M.3",70,"DS.BO.HC4.M.3","Boston",0.346865093215058,108989,6.16468920127148,7.17574785187594,2.85520189194084,-2.435267260471,0.24121492644484,0.256668301970365,-1.2042706433049,-1.24511536605103,1.06557380078572,-0.351038177453427,-0.229931303938738,-0.283500486663179,-0.125273619475574,0.239129071886686,-0.410342229368537
"DS.BO.HC4.M.5",71,"DS.BO.HC4.M.5","Boston",0.442468382453579,709132,-4.81886725696546,6.45280425887438,-1.72270035858506,6.3594292737949,0.177435517376626,1.60453983805951,-3.98679597441805,6.64120593312908,-6.86069219347299,-8.35183381838709,6.15779794294488,-3.6280842904312,-1.07498219776777,0.313035432506604,-1.03255799013933
"DS.BO.I1.U.3",72,"DS.BO.I1.U.3","Boston",0.237540809497971,1102,-0.181063135812548,-3.39831554070579,3.66570859873573,-1.5781502657655,-3.37458044558448,-1.80961117464518,3.15141955004766,1.2679018776859,-0.22912516290801,0.321609689591132,0.0897213914290529,-0.437227728031041,0.415694194744025,0.434533823391331,-0.0647105714469793
"DS.BO.I2.U.1",73,"DS.BO.I2.U.1","Boston",0.387319603283834,6995,3.3414057300445,-0.650050248704649,-7.12061068500452,-7.08811616739866,-4.82561347198615,-0.660971305824045,1.06049590914087,0.552453816613827,-0.935354893080838,-0.700042280935549,0.235888641484452,0.125798523873498,0.608533218296355,-0.252898831553382,0.380919291269338
"DS.BO.I4.U.1",74,"DS.BO.I4.U.1","Boston",0.473456775171296,750686,-4.67568935775657,3.76908962302488,-2.03184002253899,5.14557128682813,-6.15085833777127,0.408467460270478,-2.5334768421368,-0.606061084247995,-2.50471893135961,-3.29096585839756,-0.430653198278308,1.19197403121549,2.46872485576727,-1.38032730874746,-2.26111723530592
"DS.BO.I4.U.3",75,"DS.BO.I4.U.3","Boston",0.313950274074814,2470,6.0005038371364,1.08368699603731,-4.13580284455923,-4.30115340439662,-3.71771207000792,-0.632396933845562,0.652411019038718,0.0315705614082797,-0.0495105913152824,-0.430932792070356,0.30010992508555,0.147430514949271,0.247861178403469,-0.238821018081281,0.035208483621167
"DS.BO.I4.U.4",76,"DS.BO.I4.U.4","Boston",0.335806424516434,84429,1.77149237827879,4.29875744984586,5.16236778516426,-3.17319470265858,0.0289345733402947,-0.893836281596274,0.961682949447151,0.00377372490261066,0.388603360890916,-0.0287953335426053,-0.260687728568999,-0.526871236094563,-0.131445342685051,0.655109622137033,-0.514734146747645
"DS.BO.I4.U.5",77,"DS.BO.I4.U.5","Boston",0.482812166139505,556867,-3.7661020498652,1.21816413674845,0.660114881332343,4.44404621408534,-5.91672322889887,-1.1385449593054,1.04967519384441,-2.70813142465732,-0.505468910187537,0.0057749979162218,0.344777172638417,0.923178795809701,-1.530427750402,2.16502205253838,1.77569027176001
"DS.BO.LC1.M.1",78,"DS.BO.LC1.M.1","Boston",0.348343107341828,404208,-7.30452823853607,-0.547767439045511,-0.542406694779946,-6.53315836871492,-3.05253278376604,2.07156100664852,-11.9500340458352,11.1583738978878,3.37267167232763,7.54935912952903,-0.994289430618077,7.41435501082808,4.38976129515168,-0.0284907615081717,-0.0792148537277172
"DS.BO.LC1.M.3",79,"DS.BO.LC1.M.3","Boston",0.394106762442016,635805,-8.36981231448794,0.213991207171585,-0.41343921442906,-3.71728427357585,2.41130750389958,0.918539743819784,-1.63899872875431,-1.33254027547229,4.58979826791005,-3.33822223221136,-9.32515348931611,-8.17855123059799,-3.36420664283544,-5.91640953090069,3.15073770777291
"DS.BO.LC1.M.5",80,"DS.BO.LC1.M.5","Boston",0.494354886854433,7330,4.66301633097696,-0.582971553653529,-6.02623514633871,-5.197138982736,-4.22665907430008,-0.847234917852373,1.08314256331683,0.324177186258183,-0.367279091775253,-0.445786904530357,0.407490375196949,0.197932382185665,0.357294708594052,-0.257314119877331,0.241206820036713
"DS.BO.LC2.M.2",81,"DS.BO.LC2.M.2","Boston",0.443603723787297,720802,-6.49411724055291,-3.76536398418694,1.60754775392491,-0.190070166195476,-0.279135578593392,-2.50160382709474,-2.26207168999982,-3.09643727524034,1.32865286787915,-2.0467341831457,6.77645842769952,-2.48145844498241,0.670412985070443,1.08519022439299,-8.09430598781528
"DS.BO.LC2.M.3",82,"DS.BO.LC2.M.3","Boston",0.443234165142365,590429,-4.40750501597706,1.82972782621307,-0.723409687993575,6.0035540258464,-6.12238228057422,0.230925781506844,-1.09763267206157,0.987448874583163,-3.0996592333975,-1.01063502979291,-0.317975136789138,-0.0201343801212329,2.18682230483185,0.124991828088838,-2.48102207217026
"DS.BO.LC2.M.5",83,"DS.BO.LC2.M.5","Boston",0.320753973672883,166930,2.90293784349745,7.75442931028292,2.64982352957802,-3.15617261180366,2.1870033367481,0.332442277791653,-1.92168578773838,-1.021435749638,1.2927978376326,-0.17559116240423,-0.896581221963349,-0.289390469653952,-0.918804495817892,0.478315281687928,-2.05914297875903
"DS.BO.LC3.M.5",84,"DS.BO.LC3.M.5","Boston",0.457099803772665,813790,-4.82588868226991,2.3214805227152,-2.72980794310077,3.22115297357756,-2.97885867762207,1.14339267422703,-1.5908955694071,-4.41392228892096,1.28356675256485,3.19823579107104,-1.4821626262863,-1.75637788652142,2.31045479748687,-0.413912187249656,-5.80875391623297
"DS.BO.LC4.M.2",85,"DS.BO.LC4.M.2","Boston",0.396881201298312,481163,-5.86982889717613,-3.42875580575834,4.67935158971181,-0.324623640114313,-2.35708705083829,-1.77275418828556,-2.21037652793481,1.57391912885837,1.84971169007878,-3.16094060973565,0.735593673678418,-4.45122689762748,-1.1014675829156,0.0256063279083846,-1.852338168792
"DS.BO.LC4.M.4",86,"DS.BO.LC4.M.4","Boston",0.484929410316695,579117,-5.09109411384783,-2.24421420747095,1.56016225161237,1.55430316875123,-4.11397891701108,1.07778007842166,2.14427092558575,0.502512885054819,0.123726859106906,-1.49359306368757,-1.71877446607553,-1.18348044084274,1.23389418645315,2.22840063455985,-2.62870685179914
"DS.BO.R1.U.1",87,"DS.BO.R1.U.1","Boston",0.362298610075691,539397,-1.11952331062125,-7.61440950590257,0.103461970096549,1.18769054842041,5.41742042738389,6.33943373344847,-7.02851257122848,-6.42618836423994,-6.70000579102504,0.023465643348132,0.788002176601449,0.87757953009124,4.31291832469714,-2.37705798351909,3.1336695519462
"DS.BO.R1.U.2",88,"DS.BO.R1.U.2","Boston",0.380096732666832,62325,7.49666289029192,2.26915559478291,2.01857809578507,-1.54533268077206,-0.701427012631787,0.956557766355082,-1.96549752342452,-0.540926607916367,-0.107913133148268,-0.146462837534191,0.472820477471866,0.0903875348457383,-0.298985652254128,0.265553531855977,0.235378317786447
"DS.BO.R1.U.3",89,"DS.BO.R1.U.3","Boston",0.440747810080685,607712,-5.38946461161956,-4.39140004422776,-5.09890498336655,-5.30470964732075,-1.57579066814782,-2.03363721816382,0.408424773578883,-3.62613122703754,-0.0798202782587435,-4.47535440395273,1.73028064154993,-0.527924874823745,0.812722360071745,3.76963518660426,-1.14966180560517
"DS.BO.R1.U.4",90,"DS.BO.R1.U.4","Boston",0.417913866295809,675580,0.248041055480093,1.76634983221716,-6.15427169054263,5.67972245235661,4.7397750046854,0.628203961784423,-0.418798457763178,6.70917437204645,0.689030170270315,0.464144121717258,2.36147866480352,-2.70897746913614,-1.45571040428155,1.52900268854932,2.56875823237074
"DS.BO.R2.U.1",91,"DS.BO.R2.U.1","Boston",0.379978398426144,423867,-4.06741965218711,-4.29869404786337,0.732250315451247,-2.04186203292249,4.14670462946572,6.08705211049625,1.80044412609347,0.257970707776989,-3.60367959588027,-4.42647057909314,-6.14743219760191,0.0279923428492667,-2.75448071799797,3.60477772371686,-1.63768714608921
"DS.BO.R2.U.2",92,"DS.BO.R2.U.2","Boston",0.355593109333728,882501,-4.32979076422935,-1.09480322486444,-6.2137302105941,-3.12435024741238,0.00971707221934734,8.55570170171689,-0.666989126636199,-3.30457750473891,-8.42017045621365,12.6537109839301,1.87410654082225,-6.43708190299788,-8.63681088462163,-3.81415962437839,-1.71471056497151
"DS.BO.R2.U.3",93,"DS.BO.R2.U.3","Boston",0.425107972032551,388331,-1.99678526363773,-0.0279371667140781,-4.57306774967789,-1.47093386546564,3.3635379903783,-0.348579723516073,4.48461099940347,1.00691272981977,-3.65138044423869,4.92625217811562,-0.892092115697367,-0.645147469416349,-1.09057937383236,0.502840873954733,1.37556241067552
"DS.BO.R2.U.5",94,"DS.BO.R2.U.5","Boston",0.397827688772085,477331,-5.70716466883988,-2.20953250850916,-9.20435613348188,-11.0073873991758,-2.04527691420273,-1.94321560159246,1.68150471524919,-0.221911573008759,-4.1125139419307,-3.33200116456108,-1.34644762405324,-1.17793254698173,1.07834515582694,-2.35847252991962,2.74960522973205
"DS.BO.R3.U.1",95,"DS.BO.R3.U.1","Boston",0.310330698661378,75892,6.74308868706014,4.29963630024637,1.01074172206024,-3.0050760991432,-0.922854174664756,0.39654469893866,-0.793470492200816,-0.0251802014221065,0.188215800270841,0.138075286428862,0.0762017454807782,-0.83592508556386,-0.901357125496618,-0.346102431192283,0.0720858541970991
"DS.BO.R3.U.4",96,"DS.BO.R3.U.4","Boston",0.468426089909916,561775,-4.0575220833806,1.34867248642794,-2.87476532617226,4.34239803262487,-4.18666145169064,0.149827972030821,0.457956853763305,-2.59743984131864,2.82355353223951,0.168525799243278,-2.82725950747201,-0.0760647755697102,1.18697237807858,-0.225489417211558,-1.02892525808726
"DS.BO.R4.U.1",97,"DS.BO.R4.U.1","Boston",0.399871783760631,187847,4.16451964261273,8.27872485917686,2.09725033143644,-0.46455909325781,-0.289829043449221,0.386817401806766,-0.580903632398409,0.671843654408578,-0.282224350102091,-0.489099573659641,0.110827118724399,-0.171738789857757,0.301279972424196,-0.0945225510290687,-0.833773943577421
"DS.BO.R4.U.2",98,"DS.BO.R4.U.2","Boston",0.486869942066902,589810,-2.35847550347256,-3.52836645973312,-5.47161189157549,-2.24493844639931,-4.39975818048635,-1.12441857567576,3.60021616871489,-0.992753342310212,-2.72391771130318,-0.62299203400045,-0.279333146512107,-0.28985340021454,-2.20129574006356,0.253570304747711,0.953536328408874
"DS.BO.R4.U.4",99,"DS.BO.R4.U.4","Boston",0.412587409287754,802574,-5.69115325692565,-2.18785296444172,-3.95753746066903,-6.33589639691523,0.244135510770341,4.94656652675927,6.03976146720662,0.936182705941263,-3.12988095839483,-4.81526458906106,-7.8951121141918,-0.142690866007711,-2.5743694806949,6.14049523537556,-2.16114791818416
"DS.BO.R4.U.5",100,"DS.BO.R4.U.5","Boston",0.456074329502691,452787,-4.62692914164831,-0.968365456368765,1.24372053887052,3.4732965882572,-7.51767232349749,0.079409321217839,0.629744709254227,-0.309899779466723,-1.03888333504193,1.62577874278478,0.881234134564874,-0.510771389011327,0.0188672256864029,1.40540944642528,-1.43455023469032
"DS.BO.WL1.M.1",101,"DS.BO.WL1.M.1","Boston",0.297268360296748,1066,3.39433819577141,1.44753918559859,1.700251922863,-0.644739314953226,-3.6154917149743,-1.10112681440095,2.28639689825411,-0.0819731753759164,-0.510623892188904,0.212898624175009,-0.25211751570669,0.239525181884006,0.52471841250864,0.263031635617896,-0.167223988861178
"DS.BO.WL1.M.2",102,"DS.BO.WL1.M.2","Boston",0.22506236012465,4782,3.65872221575687,-5.22368267147226,3.80070289442987,0.771872580923366,-1.18639174410791,-0.800484565427829,1.01968295699661,0.55537618582559,-0.257302204418587,0.257423489357189,0.0892808363669868,-0.213920080314431,0.0322229400626443,-0.0282764977842462,-0.0222646403602144
"DS.BO.WL2.M.1",103,"DS.BO.WL2.M.1","Boston",0.412454054386356,698219,-3.50467481049062,6.84625715366526,-1.75251206003494,5.20559490651463,2.24483092823007,1.06044552785769,-1.79790884722469,6.49219543974194,-4.50348471273913,-4.72607368356091,4.08806644600572,-3.54464722321796,-1.49831179232927,1.03829191362109,2.37985867855606
"DS.BO.WL2.M.3",104,"DS.BO.WL2.M.3","Boston",0.29914043262891,90594,5.26118618425586,7.5576846324753,2.95175405388435,-2.76449975426862,0.536553640028072,0.783954358310159,-1.14841977726252,-0.938031540273333,0.467447737667859,-0.174351438699419,0.279147328016628,-0.483345602604234,-0.208642469867639,0.119406694366837,-0.414346733693763
"DS.BO.WL3.M.1",105,"DS.BO.WL3.M.1","Boston",0.413645579996127,9397,4.68607834862505,0.271098461064171,-5.86959148227255,-6.31040479919312,-4.34354661478655,-0.58977186290217,0.814774579877107,0.297349046424981,-0.575123718368774,-0.651752747249194,0.315207384556957,0.0785782457313681,0.415176215676054,-0.304828222698051,0.253772820547893
"DS.BO.WL3.M.3",106,"DS.BO.WL3.M.3","Boston",0.286583264213767,5778,5.68561026344983,0.624465947669915,-4.69152771285959,-5.18224514288832,-4.02885645457558,-0.564728130654283,0.778011851010074,0.0860680962130136,-0.398350608096985,-0.513879062010125,0.358623179077424,0.110454784080798,0.184340008844439,-0.310428408055187,0.170647179980038
"DS.BO.WL3.M.5",107,"DS.BO.WL3.M.5","Boston",0.330212264349365,87775,4.55475360201201,0.724096108132533,-6.17172185593273,-7.86310147684346,-4.93135123288691,-0.453495203042301,0.701978978237414,0.33300413350462,-1.03517788438117,-1.00935620251209,0.359688265551772,0.0653313347440812,0.514089644733475,-0.355533769976721,0.358203930964908
"DS.BO.WL4.M.2",108,"DS.BO.WL4.M.2","Boston",0.369522849276963,412456,-4.90616159880154,-1.68177557406088,-10.8565803170962,-11.9080850926653,-3.45932351571026,0.560429689187543,2.73543880601891,1.23611626644977,-5.62104141362586,-2.18461085507399,-2.6854129842938,-0.981989018563355,-0.25715160583881,0.0581094294341729,2.40495875097625
"DS.BO.WL4.M.3",109,"DS.BO.WL4.M.3","Boston",0.417628344491594,421588,1.65364897952977,2.40893335618394,-3.04241587307845,1.44593893666372,0.829925861809358,1.79149240312272,0.946368062268423,1.18031033622927,-0.88015939600217,1.33026763127304,-0.726811625552607,-0.942168156634021,-3.55835548051112,0.600774676529171,0.13179334228618
"DS.BO.WL4.M.5",110,"DS.BO.WL4.M.5","Boston",0.338047742483945,176075,4.20203031826326,4.20630749948765,-0.904496097374081,-1.81026244935144,1.37313185621849,-0.0432691076078041,-0.398339455506033,1.44423394547321,-0.449385696437753,0.362930054448137,-0.473672593935614,-0.266991499071714,-1.13151547306028,0.299253219370614,-0.344476050286864
"DS.MN.L01-DS.M.1",111,"DS.MN.L01-DS.M.1","Minneapolis",0.400731339803068,367642,-5.93486002721028,-6.58710955759916,8.07952177012248,-1.70991322274167,-2.9693067803802,-0.48505128232725,-0.243645004750298,7.9782541390416,1.99589066729764,0.803051588306766,0.750224899040223,-3.9354808296387,1.80011111397028,-0.827905642663528,1.68234938370382
"DS.MN.L01-DS.M.2",112,"DS.MN.L01-DS.M.2","Minneapolis",0.353263967385722,49428,6.29884292705051,6.63101655997551,3.38951701497175,-1.62983899489197,-0.672898195135912,0.0878660198909857,-0.82038609117065,-0.809279988568193,0.10658716219577,-0.411504366419771,-0.105754144666142,-0.204757843381517,-0.0557069632536979,-0.0409790683135773,-0.223625327721301
"DS.MN.L01-DS.M.3",113,"DS.MN.L01-DS.M.3","Minneapolis",0.429419186554084,287834,-1.37441864462111,3.18047585514293,2.59737755563871,-0.0476865185351084,2.11425276597768,-3.29774968454018,2.90591886669328,-0.922277334579358,-2.08600949255752,2.58579681732885,0.241294158367295,2.12309406658365,1.85765561787839,-0.33570723555156,1.42272410522918
"DS.MN.L01-DS.M.5",114,"DS.MN.L01-DS.M.5","Minneapolis",0.446661921379187,421069,-6.32649827276917,-6.43321196528252,7.53791521586145,-2.87437117866434,-3.55799247321059,-1.05295361140411,0.635339402728566,5.86082579514512,1.97316135719971,0.847603706274794,0.47380959237857,-3.51320072418703,1.0350849749715,-0.0453221174708179,-0.202664612841401
"DS.MN.L01-DS.U.2",115,"DS.MN.L01-DS.U.2","Minneapolis",0.42788595763791,443731,-3.94357872586764,-5.42388825353291,6.51100520431899,0.389296568852277,-4.10363961027475,0.888196581819579,1.69617733192204,3.41602868702082,0.583271756939663,-1.24670958907171,1.37992148673461,-1.79759374243361,-1.77162926576977,1.95586161243326,-2.4002966157535
"DS.MN.L01-DS.U.3",116,"DS.MN.L01-DS.U.3","Minneapolis",0.389213861365852,85552,6.27039400656791,5.71853272859726,3.13783009267472,-1.39618514133204,-0.892247514860346,0.162345444328701,-1.2343331651272,-0.0528992567177605,0.199466916903853,-0.137410662478579,0.109538802661732,0.000408885721683254,-0.106694374495939,-0.189646363415502,-0.268768126418999
"DS.MN.L01-DS.U.4",117,"DS.MN.L01-DS.U.4","Minneapolis",0.466717299989812,568418,-5.01635824289207,1.14948628953206,1.87769070518856,1.77639932292361,0.0403415498595603,-2.53265086461568,1.67432200773587,-0.241676327937715,-1.24910151442171,1.69322197265742,-1.25630957334216,1.65462063229509,-1.36093727316249,-1.21736379158362,1.19730982582424
"DS.MN.L02-DS.M.2",118,"DS.MN.L02-DS.M.2","Minneapolis",0.488137700667393,581525,-4.97420491073784,-0.689524124089852,2.90388447223829,1.7295179099747,-2.87778040923154,-3.56345529109224,2.47291989109526,-0.222299036337761,-1.56872737607636,-0.0617225396235063,1.30747432846358,0.480229159147016,0.466669469951703,1.59148052240368,0.467153384883088
"DS.MN.L02-DS.M.4",119,"DS.MN.L02-DS.M.4","Minneapolis",0.408380762117158,708777,-6.2945033832328,-0.801196667161245,2.52010445852433,-1.66106960041833,2.97280009353214,-1.57806952829399,-6.51507565357781,0.554854302931385,0.8818558504962,-0.214295676718719,-3.6990727154268,6.95676916832461,-12.1945379177313,2.85029474888941,-5.28684037867848
"DS.MN.L02-DS.M.5",120,"DS.MN.L02-DS.M.5","Minneapolis",0.497905480442182,568291,-4.22542467832115,2.39829689813826,-0.356394113076309,5.74835637290156,-6.86392309166866,0.175091922467541,-0.420696789840007,-0.467271441560474,-1.48349759225865,-2.02582302171168,-0.163424172677061,0.780304832094047,0.423095371781628,-1.24157699730035,-0.821570790366465
"DS.MN.L02-DS.U.1",121,"DS.MN.L02-DS.U.1","Minneapolis",0.443575146365145,863714,-6.15965593107142,-2.96314144005555,4.36859726824533,-1.04055821252115,-1.65247932615654,0.62533895830731,-0.526411733528235,-0.142520197719591,1.21542180541573,-3.66197076822332,-4.71593672296884,-2.28166545470868,-6.31222876218929,4.67298560781214,-1.23427196583417
"DS.MN.L02-DS.U.2",122,"DS.MN.L02-DS.U.2","Minneapolis",0.485350436301296,564700,-4.34225255520126,3.8806568830373,-0.454287586229392,5.50519957706462,-5.15001368327406,-0.0478477628647283,0.0977187740205762,-1.71337596471936,-0.9524962600212,-1.43984729156523,0.586200595416092,1.5449494014598,-0.741171067867162,-2.54566599669432,1.6536181432754
"DS.MN.L02-DS.U.3",123,"DS.MN.L02-DS.U.3","Minneapolis",0.447822003908468,69207,4.66870585783915,3.10899899533411,4.33580541757449,-0.618789344900575,-0.716232525155537,-0.411049997935423,-0.620212415584059,0.122801270247384,-0.376356923646634,-0.238199944610966,-0.0464226961640864,0.202357989001681,-0.411391366154934,-0.0453276920572925,-0.372036730082281
"DS.MN.L02-DS.U.4",124,"DS.MN.L02-DS.U.4","Minneapolis",0.332713102318003,210098,1.2680090819401,8.75026131087479,2.47839698958258,-2.81305825609627,2.42399996586014,-0.744713519519989,-1.72997934604265,-0.403230061159851,1.32388385631813,0.185649111886384,-0.827977914417849,-0.302813536073567,-0.725118660333217,-0.585482248690455,-0.533254150780668
"DS.MN.L03-DS.M.1",125,"DS.MN.L03-DS.M.1","Minneapolis",0.364344714255929,54394,5.18804176285538,2.75010314810514,3.78473057427136,-0.579442082084042,-0.640518513169796,-0.642070736562445,-0.614619642224277,-0.712339989658311,-0.39981216632354,0.144130478477246,-0.0997460258988669,0.521979801854371,-0.566351145308934,-0.406486578332172,-0.147786490996459
"DS.MN.L03-DS.M.2",126,"DS.MN.L03-DS.M.2","Minneapolis",0.352167598725543,226055,0.769081305552857,8.81289353549798,0.993547333977647,-1.66868359963886,1.2666988969558,-0.226366810269276,-0.0490095048428659,-0.00537140452482147,-0.836757163805421,-0.749167572742725,0.160542709911646,-0.552986562643195,0.668263652852097,-0.442727592557696,0.227961668993137
"DS.MN.L03-DS.M.4",127,"DS.MN.L03-DS.M.4","Minneapolis",0.451168993621478,516365,-4.20296324119772,4.41690558211381,-0.343055809230896,4.90879762368019,-2.47966397510918,-0.311071019616655,-0.942172392717882,-1.64096802404789,-0.168701762486249,0.0961844976681743,-2.32250911743698,0.56754434759878,-0.104603623412754,-3.51148405343557,-0.0778946014857892
"DS.MN.L03-DS.M.5",128,"DS.MN.L03-DS.M.5","Minneapolis",0.416130303669465,391975,-5.14581184623301,5.0743316366379,1.75746267196651,-0.0844146771930869,4.02686679001217,-1.26496515052742,4.79932324755169,0.328884122179882,-2.99493957908226,3.56479325324511,-1.66751642988055,1.55695020341002,4.19663346714943,1.53349948273212,0.477017849639049
"DS.MN.L03-DS.U.1",129,"DS.MN.L03-DS.U.1","Minneapolis",0.328156217734789,399505,-6.65781108408497,0.458479576607714,1.99105346008043,-2.06455864465528,1.69591542258044,18.6630647370609,10.6713331410633,1.93724974057548,5.96734070460962,-3.30707894014022,4.02900663327271,5.00157882996105,1.02426613399881,-0.484619275860748,-1.31538844839728
"DS.MN.L03-DS.U.2",130,"DS.MN.L03-DS.U.2","Minneapolis",0.44843660773194,502099,-4.5879128366554,1.83547871447662,3.03290364911589,0.485819470530127,3.8442886802906,-2.81951811187329,2.88673429522865,0.690820031612367,-2.77724912936448,3.16554040978085,0.895327159994746,2.84881731045144,2.41898723335292,0.272397721646569,2.03034014611876
"DS.MN.L03-DS.U.3",131,"DS.MN.L03-DS.U.3","Minneapolis",0.366071686277704,298567,2.14676629509081,8.4880405473695,2.93917368754328,-2.90490155430826,2.36744351114792,0.0301122407569289,-1.6352500165123,-1.2693133051596,1.07685447248114,0.263470701267917,-0.803564888800247,-0.447599015781498,0.00907349322274109,-0.224829136516813,-1.04050035200896
"DS.MN.L03-DS.U.4",132,"DS.MN.L03-DS.U.4","Minneapolis",0.406261595031657,505259,-5.98439974860377,-3.87659190216545,5.50312077322107,-0.815210128174152,1.87425578943006,-3.01887839552439,0.371821902260482,-0.155218493188204,-2.21850322675017,-0.688082762871315,3.75151035164218,-2.29523326270649,1.32472747353043,-3.07113317620896,2.77864747891448
"DS.MN.L03-DS.U.5",133,"DS.MN.L03-DS.U.5","Minneapolis",0.475246631925845,589334,-3.53224408247737,1.08725600891861,0.461783686556913,3.98667092239709,-6.67175257726279,0.0906953755667923,0.944920075354745,-2.76607077982968,0.874782594224798,-0.739684623916224,0.290243325623654,1.36228765248985,-1.6355654008149,-0.618227225903723,1.25423196292246
"DS.MN.L04-DS.M.1",134,"DS.MN.L04-DS.M.1","Minneapolis",0.308236724214606,68701,6.69166268831612,6.13056994261136,3.40749821366493,-2.41107577740388,-0.0724595243312694,0.478740815777105,-1.89160992430211,-0.611268376674679,0.0264578010373043,-0.555451421516096,-0.0166909736293215,-0.0422945792520203,-0.0129241426183468,0.139880629706852,-0.605126706041075
"DS.MN.L04-DS.M.2",135,"DS.MN.L04-DS.M.2","Minneapolis",0.334867319734872,523360,-6.33137128199366,-5.8257063214083,6.79335912801073,-2.10981377036695,0.770783657096818,2.94172098077712,-5.10996348428345,3.87498253275715,3.07120479603894,-0.286597400551145,-2.79899337198414,-9.26353749675162,1.69973880483553,-2.83438115912065,4.17042859068859
"DS.MN.L04-DS.M.3",136,"DS.MN.L04-DS.M.3","Minneapolis",0.439708310538121,443762,-1.97642678932756,7.16638192900364,0.978190357364959,3.53117516534786,0.722613544541485,-0.280285483400936,0.129988789008988,2.39233736696554,-4.44253762276378,-1.70975233868854,2.67029538374714,-0.212271758963114,0.731682964148268,-0.398411523835329,1.10320815839833
"DS.MN.L04-DS.M.5",137,"DS.MN.L04-DS.M.5","Minneapolis",0.306818002383109,80952,5.90868059903049,8.11268494937531,2.76646013581755,-2.84725413525025,-0.0619550990532293,0.418757899020543,-0.654926888616502,-0.977642809540924,0.592323717970435,-0.471399744220401,0.425094214242403,0.259008766917488,0.185916142538711,-0.289959307176041,-0.573050792357113
"DS.MN.L04-DS.U.4",138,"DS.MN.L04-DS.U.4","Minneapolis",0.442527383579079,494638,-2.73786249275661,7.94790434974501,-0.573446246613134,5.02687148059594,1.10563451573354,0.816857941262838,-1.01066946277538,5.18031657148746,-5.41810139126869,-3.50986338889565,3.09110081149584,-1.18139408228199,-0.138287720190759,1.38553876783163,0.79164525261881
"DS.MN.L04-DS.U.5",139,"DS.MN.L04-DS.U.5","Minneapolis",0.382502684562566,857470,-6.2658049637783,-0.978942063667148,-2.00558575635886,-1.38441129255917,1.12580539786307,8.38375555890772,-2.61947705241776,-4.06515317696282,-7.21051630505031,15.7499044986377,5.25646989152493,-8.0954230104919,-4.46718726561329,-1.23472552209445,-8.98345813508466
"DS.MN.L05-DS.M.3",140,"DS.MN.L05-DS.M.3","Minneapolis",0.51250295966323,865554,-3.80543840159747,2.66083523839367,0.0162526870349814,3.56710595963137,-1.99503404417127,-1.17689845256094,0.347657523869767,-2.76621766758087,0.536102348799479,1.80356576277316,-1.16160473342469,0.726740833946455,1.69078995734582,-2.39572047326554,0.0762187905211872
"DS.MN.L05-DS.M.5",141,"DS.MN.L05-DS.M.5","Minneapolis",0.395991054489259,398826,-5.84607866062451,2.30347997665969,4.43153000880934,-1.77526576596814,3.70625524162799,-3.43145401804407,3.08376273765517,-1.59099608537831,0.872727678423109,1.38035736853369,0.585394645551991,-1.73475984307847,3.29938333380814,-0.311227241164653,-0.0866600808213348
"DS.MN.L05-DS.U.1",142,"DS.MN.L05-DS.U.1","Minneapolis",0.348801568116977,202985,1.40079604956039,7.678523566004,3.00540306463912,-2.18336300159964,2.87109745654661,-0.505390155456691,-1.44281293705033,-0.850903662109776,0.282775327210444,-0.261202126803918,-0.800741271287382,-0.157812419868043,-0.00416498129476946,0.88741875346532,-0.688760345070976
"DS.MN.L05-DS.U.2",143,"DS.MN.L05-DS.U.2","Minneapolis",0.413769540217266,533409,-7.58088630596346,-2.83302839344224,3.3456497151461,-1.76160276033639,0.631865047301745,-5.06044166537689,-0.162223309960487,0.770119588058116,0.279713694059261,0.476701213719204,3.20509111986534,1.18431946181589,-5.4770973358201,-2.67542086493795,2.73657349258998
"DS.MN.L05-DS.U.4",144,"DS.MN.L05-DS.U.4","Minneapolis",0.463312586783838,518093,-5.46814004526364,2.37589814627241,2.34589878889769,0.319866260096382,2.94347168290706,-3.0659513246772,2.1807168428821,-0.368367486818714,-2.09724438136485,1.17470129149531,-0.121782746564584,1.69654288418488,2.33937083479774,1.12174267930035,-0.867592492948927
"DS.MN.L06-DS.M.1",145,"DS.MN.L06-DS.M.1","Minneapolis",0.470038249326728,535081,-2.41289451346132,4.98788543632268,0.594039149923007,3.0647332986453,-3.69414604659375,-0.242418012318818,-1.08979321709092,-4.50314621649003,1.52436399042248,-0.121938553193053,-1.04279641390449,1.37753905282443,-0.739553064589248,0.374027388382869,0.874682756746126
"DS.MN.L06-DS.M.2",146,"DS.MN.L06-DS.M.2","Minneapolis",0.43845941847695,323184,-2.15315054275744,3.17185663627337,2.46490660461422,0.345946070220158,1.67192025983144,-1.3242190620138,4.01769037506094,1.44994647892221,-2.8235530094607,2.28027003202891,0.158011308637213,0.670276738749647,2.05081064928807,0.894595933657669,1.32164674184787
"DS.MN.L06-DS.M.4",147,"DS.MN.L06-DS.M.4","Minneapolis",0.427065330852832,496365,-8.11752238191492,-2.06564079778843,3.86157598814943,-2.66486650015018,1.7511840551778,-4.54652521431585,3.35488458592576,-1.76011874303147,0.363731395193829,-0.0120125901114474,4.53123363470017,1.14700355354658,-0.0850271408685949,-2.05098507523954,3.31138956223431
"DS.MN.L06-DS.U.1",148,"DS.MN.L06-DS.U.1","Minneapolis",0.394181860439835,405254,-6.95385382942894,1.09246727682131,2.28160772242359,-3.98325724442117,3.46689975410963,-5.61238289533326,0.293583732640206,-2.03040714478886,0.882574758972424,2.32514352614658,1.56263999216851,3.73094047409089,-2.8194178738436,-0.10374837030809,3.17719935436817
"DS.MN.L06-DS.U.2",149,"DS.MN.L06-DS.U.2","Minneapolis",0.444594050620366,565990,-4.69894937824373,6.86161634918701,-0.994182076883461,6.15211747601985,0.431228819240439,0.997212184690493,-0.440766700731826,4.1495822488402,-5.90640608849084,-3.95393793301319,2.94091040876684,-0.427707263733298,-0.263493454996885,-0.971299014709939,1.89632883131443
"DS.MN.L06-DS.U.3",150,"DS.MN.L06-DS.U.3","Minneapolis",0.475925544437719,824813,-5.79766533052077,2.34942350293933,2.04272601503497,1.24865113500026,3.14734850768603,-3.09074031368031,3.23320166631438,-1.35067883764052,-3.25911214030233,2.8168650076155,-1.30777779001348,3.21596640739508,3.87311819175492,-1.26015811372247,3.27102557622531
"DS.MN.L06-DS.U.4",151,"DS.MN.L06-DS.U.4","Minneapolis",0.263754692794833,98744,2.10739032194219,2.46616425062358,5.43198459283798,-2.56026756901242,1.05211043648638,4.07386836900051,2.38859030051627,0.763960594605946,0.776445775077051,-0.784770933788867,0.256265360282521,-1.06595316180854,-0.24519328231017,1.12315322562744,-1.41761110943267
"DS.MN.L06-DS.U.5",152,"DS.MN.L06-DS.U.5","Minneapolis",0.360581746898606,376628,-7.66453986349769,2.21591794016083,2.41295632111203,-4.28328184313607,4.72600476267879,-2.8376038112073,1.94924071219037,-0.585707964691297,-0.243212298233943,0.0375754821796771,-2.59651684572713,-3.17320107064281,-0.43543363396737,-3.18334208578543,4.38573365466237
"DS.MN.L07-DS.M.1",153,"DS.MN.L07-DS.M.1","Minneapolis",0.475921123515429,544776,-5.51235198724368,-0.359150992409841,3.16409953034663,1.55141343958385,-1.31894473341301,-1.98153180217962,4.16765071366918,-0.880026596813422,-1.15616133142508,0.98280467852313,0.642921614608823,-0.00625786538401994,2.36005868459694,2.86318102608353,-2.45328916762982
"DS.MN.L07-DS.M.3",154,"DS.MN.L07-DS.M.3","Minneapolis",0.402886767218736,471824,-7.14893555229632,-2.10494848554677,5.05772028738059,-1.67284278367201,1.83708403487115,-2.47328385032771,0.680951892096714,-1.19872774545902,1.19165529641947,0.0286382721436828,1.59078614908552,-5.6688155085746,2.18792490006328,-2.25176188471463,-1.40176787821647
"DS.MN.L07-DS.M.4",155,"DS.MN.L07-DS.M.4","Minneapolis",0.495502806761163,575293,-3.69601835832812,3.98368028873375,-1.68349028155491,5.30425780075583,-4.77235176714026,0.333552497439692,-1.39811218744183,-2.20413740967214,1.60097592709615,-1.24688542935834,-0.901486073663285,-0.153488571453188,0.918618478473217,-1.34347328258763,0.145302864112677
"DS.MN.L07-DS.U.1",156,"DS.MN.L07-DS.U.1","Minneapolis",0.490213709894735,617530,-3.06719125484972,2.01333747384522,0.630710201395612,4.17333432837659,-5.29637305697645,-0.542629406342006,0.126936342847799,-2.90997586590989,-1.27535821848927,0.734479799239264,0.411695076966018,1.10573859429616,-0.582177820473048,-2.19834311920692,0.279020863662833
"DS.MN.L07-DS.U.3",157,"DS.MN.L07-DS.U.3","Minneapolis",0.374252920445205,164439,4.76929309803573,7.18458126578193,3.13598426115749,-2.69584930000936,1.03578778433361,-0.586778764474168,-1.53091888595298,-0.260435866302907,0.474976908074576,0.00369041675827416,0.2208351622911,0.0534343410939271,-0.112916036293973,-0.358516885361431,-0.402854770505597
"DS.MN.L07-DS.U.5",158,"DS.MN.L07-DS.U.5","Minneapolis",0.444009906530977,637870,-4.971971193056,4.77295493041553,-0.634355157053751,4.71243230450344,-0.578336398312981,0.0773043629565176,-0.263408869025065,3.38632810248086,-4.96236122245331,-0.24146564252226,1.14912487772875,2.56649505013388,0.367606699577084,0.260672454053804,2.40411389547059
"DS.MN.L08-DS.M.2",159,"DS.MN.L08-DS.M.2","Minneapolis",0.385074797503435,359234,-2.60012259248706,5.41589466988331,3.16409583242608,-0.181071399788306,2.73311761407907,-0.822891226598815,-0.0779114265252389,1.21814749163316,-1.11834993985133,-1.545671597448,0.975318717312346,-2.90837021843933,0.331916832691797,-1.07414786234781,2.29290461054756
"DS.MN.L08-DS.M.4",160,"DS.MN.L08-DS.M.4","Minneapolis",0.472556198206524,549690,-3.99348434025987,3.98077594229763,-0.943863140473714,4.4222598474075,-4.86113769454995,0.501331341373705,-1.1472481870898,-4.06591200153217,2.07475306689707,0.681246298584595,-1.8071682835468,1.16229329223826,1.21646207009808,-0.769400665688472,0.737953691497122
"DS.MN.L08-DS.M.5",161,"DS.MN.L08-DS.M.5","Minneapolis",0.34515693956176,327930,-6.78659504058146,-0.778239877204579,3.0009170931973,-3.279508867274,2.21423974406806,13.9523535714173,10.9409779871974,1.8835482483713,3.39090924324813,-3.14363845698804,0.314255502815546,2.5666429041572,1.27379408804332,3.21312020647281,-2.17512509372635
"DS.MN.L08-DS.U.1",162,"DS.MN.L08-DS.U.1","Minneapolis",0.474399349353766,614170,-5.29236918090472,1.57476048216523,1.37953364146267,2.49005110878092,0.927361592868416,-3.05751788489376,3.42387109706421,-1.63162549645572,-1.52030565199522,3.26678588978121,-1.03694241687991,3.21889705878671,0.541223221805753,0.829387719042273,-0.105684257351189
"DS.MN.L08-DS.U.2",163,"DS.MN.L08-DS.U.2","Minneapolis",0.363288048974026,213937,0.913746862386134,8.4094713898957,3.2396360212361,-2.94945612327377,3.02785124481164,0.502618738368378,-0.671223317675811,-0.977561424508446,0.60762670670794,0.434671919330413,-0.767360844645225,-1.29970743771334,0.593411127151113,-0.0508662532149504,0.54856127790432
"DS.MN.L08-DS.U.3",164,"DS.MN.L08-DS.U.3","Minneapolis",0.290382408989057,184469,-6.03058625935502,-4.76371286888432,6.75531571521474,-4.48348776144487,-2.01969977006118,2.76499770167037,0.843500017488155,6.60359876175308,2.04212967026862,2.0320606285258,0.16549013115333,-4.14013942939159,2.27843044230008,0.339044454592901,0.106068436836168
"DS.MN.L08-DS.U.5",165,"DS.MN.L08-DS.U.5","Minneapolis",0.439810697994366,418869,-2.8988658731062,4.7477095085186,1.47940992553003,-0.166008744519201,2.85920253198684,-1.6895473940262,3.93103279089919,0.683533441540068,-2.36082790891721,3.06101981207037,-1.55225774420997,1.21320439901471,3.16535001785146,2.06989659127389,1.05753316234168
"DS.MN.L09-DS.M.1",166,"DS.MN.L09-DS.M.1","Minneapolis",0.328859832501113,77592,6.4475223143229,7.60506597310322,2.65845806820022,-2.92131255777121,-0.240641006813278,0.160819727718995,-1.31645295189253,-0.850502228633246,0.455316243774727,-0.230624411158784,0.463107254512062,0.0513379828553929,0.179153833397444,0.0839805585011588,-0.571020284455969
"DS.MN.L09-DS.M.2",167,"DS.MN.L09-DS.M.2","Minneapolis",0.431028364514309,557792,-7.38745102739978,-4.24029884535566,5.31383532794178,-2.60698592902417,-0.544970885805342,-4.26166662822502,-1.92683212664528,0.902613017738346,3.02473330205937,-1.77168461425796,2.3420903624555,-1.81807196339956,-4.23446762710114,-1.46635521536921,0.049042906115546
"DS.MN.L09-DS.M.3",168,"DS.MN.L09-DS.M.3","Minneapolis",0.463047921524163,944217,-5.05896924012052,5.86654716443827,-0.845556591396321,3.89288263220116,0.248752446898307,1.90507748870273,-5.35726285829666,4.39238784971205,-4.55884158582212,-6.15485959975614,1.1877241435001,1.6471552014096,-4.36462447866889,3.53661046696536,-5.74341256199853
"DS.MN.L09-DS.M.5",169,"DS.MN.L09-DS.M.5","Minneapolis",0.298361359348928,105609,5.41291951578014,8.00854181455241,2.30301020171757,-3.8228991480868,-0.00585331849852094,0.163963565382284,-1.83427811472878,-0.6974902618477,1.09668960539277,-0.22598445854208,0.414110650246927,0.535120242079536,-0.0777966833444276,-0.0369245159015539,-0.848110491758668
"DS.MN.L09-DS.U.2",170,"DS.MN.L09-DS.U.2","Minneapolis",0.412549207382617,526598,-8.95186567818894,-1.87296787460251,1.76177620068772,-3.65274850889666,1.6432408636195,-4.94455610467298,-2.34177798292002,-3.34122696501122,3.71796265274581,-1.4215548050761,6.24404034222957,4.72818298358474,-6.30643116446186,-2.91348464038462,1.98768852068723
"DS.MN.L09-DS.U.3",171,"DS.MN.L09-DS.U.3","Minneapolis",0.389516763018498,1058387,-7.09521557578495,1.27870775353376,0.0509056507953816,-0.80151946899619,1.31927165524133,17.6284962596329,5.17953259964762,-2.07131980264261,7.28642607036462,-2.16154612286748,7.04722968611497,9.23369410813267,-1.57326552011262,-9.46300079307043,2.36087476752502
"DS.MN.L09-DS.U.4",172,"DS.MN.L09-DS.U.4","Minneapolis",0.480347711177804,550304,-3.50726136920531,2.97932198796747,1.04716025890684,3.63622684009216,-2.9434917651354,-0.172769705660241,0.322850214570842,-2.90408330695046,0.77444619928511,0.835608295618442,-1.03403138071875,1.49413336587642,0.568536360491964,-3.4968619966415,-0.277693212441771
"DS.MN.L09-DS.U.5",173,"DS.MN.L09-DS.U.5","Minneapolis",0.357423476926417,244107,-0.813981734601611,8.8366459644758,1.55023710798196,-2.00991452524184,2.88005828622002,0.720235598014066,0.50636103744317,-0.6619119451029,-0.0984221313193729,-0.263641963046556,-1.50002217639239,-1.07048514375877,0.635273283835614,0.0438972378144953,0.765815085932056
"DS.MN.L10-DS.M.3",174,"DS.MN.L10-DS.M.3","Minneapolis",0.439324946821243,452059,-4.0658582974089,5.10066687294965,-0.0994604166511643,2.48221463287011,0.5094245968269,-0.10592311942193,1.42202948725988,-1.97943980130218,-0.0680732737487337,1.28877521285875,-2.4898435088903,1.37149186862356,1.12122158676539,0.0124616840287433,-0.353006488988255
"DS.MN.L10-DS.M.5",175,"DS.MN.L10-DS.M.5","Minneapolis",0.391186006941753,404552,-6.88830397859834,-1.62369982409406,4.73908548883844,-0.949160800370495,1.13661558493652,0.695503152552622,3.87137581129103,0.913379196184323,2.72144680680515,-1.63175317047821,-2.95216891059681,-4.04845531549049,1.77874118578132,0.66049141559288,-3.54047429437125
"DS.MN.L10-DS.U.1",176,"DS.MN.L10-DS.U.1","Minneapolis",0.374657044287657,402753,-7.10754387064472,1.85705960239405,3.3128868694057,-3.46885676075565,3.21589447499788,-4.43319381624732,-1.91833899008348,-0.920242009845226,1.87616351364655,0.685719075012852,-0.610364593453618,3.00607194287754,-3.38535500428427,-1.89646370148487,1.04151874346131
"DS.MN.L10-DS.U.3",177,"DS.MN.L10-DS.U.3","Minneapolis",0.446532759816267,397448,-3.22309665978826,2.82105910651603,1.88775047220683,1.83317442879984,0.652619538264512,-2.99252693494839,3.19769466556743,0.168395572864513,-2.51368667613424,2.91215745672297,-0.12214868999788,1.99264013146774,1.60742520685885,0.792522528395044,1.17009240955647
"DS.MN.L10-DS.U.5",178,"DS.MN.L10-DS.U.5","Minneapolis",0.396164802731335,417102,-7.58604448484714,0.776427521731237,1.92497257237531,-4.09716800865586,3.05628542338715,-3.03469933937568,1.2186155502913,-3.51501412350107,2.7748509152475,-0.970163654628746,-3.50742173131954,-0.602090535703944,-3.217868866482,0.0702157723633863,-0.0761765394864483
"DS.MN.L11-DS.M.1",179,"DS.MN.L11-DS.M.1","Minneapolis",0.433717492984539,1433854,-6.20222121522032,0.344213354225536,-0.276895231735633,1.48120404850307,-3.8380251569762,5.7124039055257,-7.41045006054507,-9.31945393205557,5.51894506239664,2.0091308693193,3.03590931927876,-3.02407312707402,0.436390311295477,16.2997896224174,12.816957598925
"DS.MN.L11-DS.M.2",180,"DS.MN.L11-DS.M.2","Minneapolis",0.441725020105628,439337,-5.08993012656297,3.07625777916744,1.46868161912788,0.188766365009097,3.50448671151792,-0.610489730213577,5.21572294592412,0.120391868296425,-3.71441524137889,2.71116622468776,-2.60004099973129,1.4250213359535,2.25167834003404,1.57452037434919,0.512044769809671
"DS.MN.L11-DS.M.3",181,"DS.MN.L11-DS.M.3","Minneapolis",0.304348348021675,78230,5.4544873061389,7.4083411726663,3.48006096815788,-3.01310238324382,-0.130026627008128,0.0671620623008792,-1.40072618712366,-0.587110760166267,1.2042910760853,-0.137502272585695,-0.279927408600562,0.0057409364483108,-0.261340312359023,-0.500749661973837,-0.546698832999681
"DS.MN.L11-DS.M.4",182,"DS.MN.L11-DS.M.4","Minneapolis",0.43042928380125,526009,-7.24045646310479,-4.79061464856429,4.08843376439653,-3.48711403707557,-3.12868755633667,-3.25824799410339,-3.35025186225509,4.1604947866576,2.88603798832729,1.93711828615737,3.62239682892873,1.79944543468987,-2.49622764110552,0.642693046351876,0.918241432373775
"DS.MN.L11-DS.M.5",183,"DS.MN.L11-DS.M.5","Minneapolis",0.47853891149409,579678,-3.13171760237214,4.22950864635227,-0.191920364866278,4.6299153513047,-5.0925697462384,0.230185357232883,-0.48658200692674,-0.103434151023824,-2.85845115999689,-2.61576313063069,0.863890314985288,0.745448161452928,0.0863800310479254,2.02272724353447,-0.693915782743912
"DS.MN.L11-DS.U.1",184,"DS.MN.L11-DS.U.1","Minneapolis",0.541558701441752,1071313,-2.06923485349761,3.7237759911784,0.60353110138044,4.34811634352723,-4.11404362453303,-0.380929575234052,-0.325900982414596,1.3828567408236,-3.02705977671665,-2.55433951240536,0.916594087738591,-0.00584926878635283,0.0992338095044977,0.406203264544383,-1.12671574844907
"DS.MN.L11-DS.U.2",185,"DS.MN.L11-DS.U.2","Minneapolis",0.385529714532074,558441,-7.36267383974158,0.300206877369844,-2.3383760405055,0.727371664439343,-4.16184835721276,5.26942854769285,-3.37008109199241,-6.89203299007063,3.66383028996724,4.18084011510966,4.30465053517978,-3.20174069584627,0.272028169177878,9.19093732555366,3.51063410717194
"DS.MN.L11-DS.U.3",186,"DS.MN.L11-DS.U.3","Minneapolis",0.363587286886012,266389,-0.535553055161383,8.46735645097223,2.38927929947652,-1.54804411531838,2.73741348748911,-0.717980984671455,-1.11766793760607,-0.829512692895125,0.485206672264926,-0.00244580500211837,-0.393252339382175,-0.0629700573844844,0.919588198072222,0.927614412456795,-0.995743303337865
"DS.MN.L11-DS.U.4",187,"DS.MN.L11-DS.U.4","Minneapolis",0.362390555857211,330688,-6.36349212894276,-0.0473789031241376,4.98022884035775,-2.24368972702667,4.40088106374117,-1.36400820326573,2.39268763905637,-0.493126134269671,0.499913418629128,0.193501959697944,-4.36555501491074,-0.45226178310039,0.0343310602219266,0.794088529624996,-0.707199248341693
"DS.MN.L11-DS.U.5",188,"DS.MN.L11-DS.U.5","Minneapolis",0.574521141811284,990808,-3.38004544847581,1.62378615518337,-0.297549793609506,4.3627097544348,-5.05905966110194,-0.397400041931924,1.02683639072838,-2.31736726550993,-0.845314308923662,-0.176513814345755,-0.885544951575571,2.28798158473997,0.165461720557346,-4.8239306374217,1.53856691855391
"DS.MN.L12-DS.M.2",189,"DS.MN.L12-DS.M.2","Minneapolis",0.322469125034019,162174,2.65409922356804,9.24170505937154,2.61844218605323,-2.31069598237549,1.99530915648221,0.366649471052228,-1.35174592641188,-1.1711760739747,0.984829888500554,-0.14980439338866,-0.251531100906687,-0.162409860905768,0.328440602031629,-0.103321973069317,-0.456750417823861
"DS.MN.L12-DS.M.5",190,"DS.MN.L12-DS.M.5","Minneapolis",0.508754406663237,650190,-4.81564594738509,1.23452867494379,-0.307578712272713,4.50650404956699,-5.58095967603128,-1.36127361301244,0.229732839132962,-3.35593179313747,2.39625676202986,0.359361687389521,-2.64867719754144,0.348743973862607,-0.690003477761286,-3.34704140799151,-0.0825395043107126
"DS.PX.ALA.M.1",191,"DS.PX.ALA.M.1","Phoenix",0.598495830054933,429461,5.86396839084091,-0.748091576196318,-1.52058023889369,1.88511508585244,0.83113625751299,-0.344522314318236,1.46850326597169,1.38332635459027,0.872162046999935,1.25927463727273,-0.357386277113844,0.620120975374187,-0.956320320255124,0.461934626900163,0.370289667775756
"DS.PX.BUF.M.1",192,"DS.PX.BUF.M.1","Phoenix",0.521948070451098,19044,6.3615157041092,-4.70746328153409,2.61955984144092,0.727978079307623,0.0547211300925233,0.559188007933057,-0.803764642328635,-0.254191297541322,-0.526139104454236,-0.195756130098749,-0.135785246415052,0.0442192933231065,0.0509861387732425,-0.263933228391265,0.163826343502499
"DS.PX.CLA.M.1",193,"DS.PX.CLA.M.1","Phoenix",0.296350333741777,2916,1.45056772007213,-6.95513022700974,5.1150342982007,-0.0496129957759743,-1.03367972125993,-0.684544091245973,0.731938091684254,1.29064454355207,-0.295815172430713,0.164019470135781,0.272073776199273,-0.641968871869717,0.326808616022857,-0.00673431419936275,0.0342672737410326
"DS.PX.DF1.M.1",194,"DS.PX.DF1.M.1","Phoenix",0.510929495588573,17896,5.7671516466801,-4.73908163164605,2.80064894146395,0.947615900184001,-0.424300511795958,0.237471410517119,-0.0213399840813251,0.0227812344210005,-0.456110432388897,0.00750345057472456,-0.0931671863606613,0.0783657994958414,0.00724567009253278,-0.172577793673423,0.0639216363068935
"DS.PX.DF2.M.1",195,"DS.PX.DF2.M.1","Phoenix",0.421277709513447,9588,5.74304352324391,-5.44368627319461,1.032232248065,1.79208921490721,-0.0775086195217247,0.237081615433862,0.487947300645575,-0.089589690303293,-0.424113088728578,0.172639145819813,-0.0882743001719941,0.45187398063712,-0.108979503576383,-0.0971195527450613,0.0322261196761383
"DS.PX.DF2.M.2",196,"DS.PX.DF2.M.2","Phoenix",0.330346219779904,1774,4.89785784720089,-3.17851227615769,0.814336835334768,0.934075348148201,-1.83883893463531,-0.94616544877863,1.91596942890052,0.144106572537086,-0.13942047761823,0.260332202952971,-0.17387829711951,0.259130414584597,0.0259640426534173,0.224531368412909,-0.17131728518714
"DS.PX.DF2.M.3",197,"DS.PX.DF2.M.3","Phoenix",0.429796819427615,15319,6.26833393604841,-4.66604997176524,-0.15411943438045,1.59335287485281,-0.249947363419711,0.245031467411871,0.50051628446074,-0.337969565157091,-0.245457607033308,0.0740856642888417,-0.0983846136139,0.555043570693205,-0.155682458710675,-0.144229772150871,0.103034461515907
"DS.PX.DOW.M.1",198,"DS.PX.DOW.M.1","Phoenix",0.494578339992987,22283,5.25419576527897,-6.82626557968965,2.94564990805674,1.06615369540209,0.626809415005388,1.0204323427196,-1.21506301729044,-0.300856580408853,-1.1356254100566,-0.293722834124677,-0.253980173331224,0.0410359467768906,0.477967587979971,-0.45797535686137,0.44871058565295
"DS.PX.DOW.M.2",199,"DS.PX.DOW.M.2","Phoenix",0.551184283795142,12133,6.95775571989954,-3.17690623101824,1.55037551565001,0.956285164907408,-0.476492565529829,0.278359129153602,-0.14926646656969,-0.201785332167628,-0.152963628217909,0.0708289309881036,-0.120294732546886,0.265319869050616,-0.0980133303820471,-0.174389690241396,0.027094991394315
"DS.PX.DOW.M.3",200,"DS.PX.DOW.M.3","Phoenix",0.457135768480607,1407,3.18988663727267,-2.529361556946,0.760345673403088,-0.343470236554521,-2.92252310671355,-1.35666375739607,2.79951959119737,0.366193425752549,-0.295920512760836,0.223295193610347,-0.116818285257043,0.0903276726724137,0.233306420802261,0.379480056961943,-0.155892912070881
"DS.PX.DOW.M.4",201,"DS.PX.DOW.M.4","Phoenix",0.30814484976494,4704,4.62653537892595,-4.87238141509225,2.94004102054144,1.06232904125296,-0.907043676137101,-0.500951914227481,0.869590168609077,0.23522037807559,-0.301957467951412,0.16811796710795,-0.0315703873125357,0.00208066041446372,0.0610873173014535,0.01103105217294,-0.0954108827290158
"DS.PX.DOW.M.5",202,"DS.PX.DOW.M.5","Phoenix",0.22663546836981,1443,-0.50581532122516,-6.94110341344913,6.14329415041716,-0.728907192830376,-1.64247229884766,-1.15833853742398,1.41097056470225,1.90470163268288,-0.0342771144821502,0.247306856534826,0.373040979212386,-0.995336937477874,0.214267284221734,0.163999313838466,-0.0720470936051147
"DS.PX.ENC.M.1",203,"DS.PX.ENC.M.1","Phoenix",0.525002147469564,20568,4.36686457217849,-6.23813121786386,2.65469531491316,0.583012218182357,-0.413564197071319,-0.42455445291561,-0.149763374584175,0.3608580034757,-0.327133378404829,0.0669283397388621,0.299964217145453,0.070445981120006,0.177940135159547,-0.171001470116418,-0.0386523390051317
"DS.PX.ENC.M.2",204,"DS.PX.ENC.M.2","Phoenix",0.35042742157087,2918,5.33420649415906,-5.12176820532154,2.39933364186653,1.25492398956861,-0.614209392716641,-0.212893307614371,0.457045434396823,0.0636763894816691,-0.367127145655216,0.117562797142614,-0.0879017923517389,0.126430678634076,-0.0256765711908946,-0.0550854900777824,-0.0146963688374278
"DS.PX.ENC.M.3",205,"DS.PX.ENC.M.3","Phoenix",0.371688191620987,7656,1.58528934655713,-6.03098424229197,5.3831809942672,-0.371021461200167,-1.35135686090878,-0.911375411036981,0.621721044304645,1.32492390129568,-0.149511103712782,0.307765333334621,0.327860228268439,-0.571395337645299,0.18219255222832,-0.0635567699350617,0.0418177682207524
"DS.PX.ENC.M.4",206,"DS.PX.ENC.M.4","Phoenix",0.554578826666059,1372,4.25851366108699,-4.83514868550828,2.93833158200199,1.1261918585201,-1.09881606249363,-0.675246526145511,1.18833549453942,0.337386454271711,-0.266896721418123,0.22330551768653,-0.0837571363669249,0.0408389449759122,0.0230279422940354,0.0956270366823703,-0.115787776926957
"DS.PX.ENC.M.5",207,"DS.PX.ENC.M.5","Phoenix",0.568447940454248,14559,4.36890808123217,-6.02066742752333,3.74521910274266,0.589629551540011,-0.368523261417685,0.0155679775274607,-0.279747802406889,0.322691006215867,-0.528969421741852,-0.0762560695489745,0.0387902269781303,-0.185088485175325,0.0869875895105119,-0.237700647972212,0.113075034943312
"DS.PX.LAP.M.1",208,"DS.PX.LAP.M.1","Phoenix",0.437866481482268,6961,5.54899017133521,-5.84943956500376,1.59530177665483,1.51991509229348,0.00759406095524736,0.813318501627074,0.37237040162747,-0.11025575978909,-0.486005107411601,0.0277856355725699,0.0142645728519505,0.380394080707389,-0.0304467768591662,-0.141438893704652,0.0195540444268076
"DS.PX.LAP.M.2",209,"DS.PX.LAP.M.2","Phoenix",0.378616696724086,2283,3.56276148491903,-5.05890703677293,1.83739203658407,0.774497261977105,-1.53471078601776,-0.853452851163378,2.17174623337689,0.453444674885547,-0.317184645875888,0.141358305761286,-0.0932749030540721,0.0431165005142607,0.0507520207661144,0.342868771526999,-0.194169806611773
"DS.PX.LAP.M.3",210,"DS.PX.LAP.M.3","Phoenix",0.489239033507894,30128,5.38739383279261,-6.46647476544846,1.87698834836938,1.56133680232287,0.336945638202183,0.846909837188769,-0.199309761231254,-0.157284025579589,-0.778229979852546,-0.0608487069184089,-0.0739865667926161,0.391437506803386,0.101730077111384,-0.32693981956534,0.197982152340813
"DS.PX.LAP.M.5",211,"DS.PX.LAP.M.5","Phoenix",0.507206674491079,12009,6.48200774786048,-4.83460987955621,2.00942528404061,1.06888169436174,0.105389756315305,0.562971867243143,-0.467992320869359,-0.268520918216499,-0.510077143702823,-0.0600837971464803,-0.104820937069121,0.199048905257189,0.0049274044180379,-0.17415419621768,0.129183664287781
"DS.PX.LAP.M.6",212,"DS.PX.LAP.M.6","Phoenix",0.588898998380839,12265,6.03295403035994,-5.18924008147029,1.95991839152227,1.28055433634634,-0.165300366129616,0.0954665840300574,-0.159115765690461,-0.19070517866739,-0.448638533423532,-0.0496778019427,-0.107278372542793,0.251325722137767,-0.0480713703356758,-0.207862948116346,0.0548833958667058
"DS.PX.MTN.M.2",213,"DS.PX.MTN.M.2","Phoenix",0.359702583153391,2401,3.7202641467718,-6.56606067839534,1.68216673880828,0.693757420700684,-0.656279559836382,-0.863948550677853,0.881759981268743,0.342417463336741,-0.407065115715297,0.00712305196691593,0.357990704152915,0.141554128844475,0.0835353294407543,0.0280146450948366,-0.0538267221616202
"DS.PX.MTN.M.4",214,"DS.PX.MTN.M.4","Phoenix",0.464672838419889,8372,5.37366484124786,-5.62352445164071,2.52182187910696,1.20841444004686,-0.37318469125566,-0.0411842818317682,0.0453135143125964,0.0424720221538655,-0.465449875935075,0.041012067860565,-0.0431343789035177,0.128411320931633,-0.0215696658223357,-0.201920486359743,0.0658082590649655
"DS.PX.MTN.M.5",215,"DS.PX.MTN.M.5","Phoenix",0.53708314156315,1942,3.40790017463935,-3.14222104049791,1.35068685099071,0.116670026372429,-2.4959200628697,-1.34688534610162,2.52338232810721,0.376947485841582,-0.268165876035924,0.247787202843276,-0.0900469820365761,0.0957627946299002,0.151130717738289,0.315000944832131,-0.145001576040583
"DS.PX.MTN.M.6",216,"DS.PX.MTN.M.6","Phoenix",0.486503186951634,21567,5.90164126808417,-5.31928616301893,1.55510074690825,1.22181410965457,-0.221660553338846,-0.0866574746571044,0.0150986795723061,-0.12879479646026,-0.367712825905558,0.00670165360272278,0.0689256885986705,0.304376359673263,-0.0575187656078375,-0.146045236444859,0.022908940400954
"DS.PX.NUE.M.2",217,"DS.PX.NUE.M.2","Phoenix",0.422037312191981,7900,5.77658985513376,-4.80741391678403,1.5661607313891,1.26919795035504,-0.584307284506153,-0.292479387611757,0.401736406945776,-0.0890051645826614,-0.270753435874182,0.0554163840037734,0.002421062333809,0.237570272774294,-0.00520687292787204,-0.0416303015598874,-0.0898580802914164
"DS.PX.NUE.M.4",218,"DS.PX.NUE.M.4","Phoenix",0.527960586846815,22051,5.68175231573511,-6.03512814618393,2.18646494414121,1.29702252993674,0.289581895749038,0.437496574523432,-0.533627116296185,-0.224028858037226,-0.75296028071267,-0.0724146501836398,-0.0862414274638857,0.253042846828973,0.0607386363182545,-0.274489246830327,0.211893787849965
"DS.PX.PIE.M.1",219,"DS.PX.PIE.M.1","Phoenix",0.387962511224047,6728,6.27160032951912,-5.18200573330039,1.27027637135593,1.53422757517561,0.0576423405312583,0.399776561336995,-0.0954295551309277,-0.263200294646734,-0.487145494467934,0.0518951666240097,-0.133642420353321,0.407079152860184,-0.0756541333543155,-0.237742398957385,0.183879674991253
"DS.PX.PIE.M.2",220,"DS.PX.PIE.M.2","Phoenix",0.489438810623984,23684,6.93746101140704,-1.0280346804872,1.64543969015757,0.566829503963842,-1.44162974971909,-0.373971215173215,0.362795412874908,-0.338034367901632,-0.0820289321122583,-0.00469785577558011,-0.138845207394367,0.267241103141679,-0.145688343242082,-0.132800073794617,-0.139377312054944
"DS.PX.PIE.M.3",221,"DS.PX.PIE.M.3","Phoenix",0.40167490936646,2616,3.96471562303302,-5.22719643698001,2.39419235470497,1.17987198964874,-1.14532158925229,-0.555471670244016,1.73150978550993,0.421455388224464,-0.261994926165731,0.196170787692026,-0.116903444143053,0.0642380583588553,0.0530677455368882,0.239300772692758,-0.195184194523046
"DS.PX.PIE.M.4",222,"DS.PX.PIE.M.4","Phoenix",0.42302949354346,2285,5.54716296693142,-4.42315636091661,1.86441357954895,1.31346835981145,-0.868474817546948,-0.479963234906073,0.678811332641571,-0.00580333773890676,-0.211815989148779,0.16889742626817,-0.0153694218384645,0.208052992675394,-0.00299532050887179,-0.0622455672783983,-0.0920805628468483
"DS.PX.WES.M.1",223,"DS.PX.WES.M.1","Phoenix",0.343501433687816,2704,4.34423401846026,-6.89296537161973,3.15824995519884,1.09228050984219,-0.11200360896826,0.268713551932606,-0.0674029412466542,0.321792377048471,-0.609328110263962,-0.0867060602179685,-0.0932750879841445,-0.160471486615036,0.18381349987487,-0.172525902681175,0.105187864905671
"DS.PX.WES.M.2",224,"DS.PX.WES.M.2","Phoenix",0.468064124374793,12908,6.16244735679818,-4.95795638651413,1.11840889251267,1.50272337296182,-0.195553075498018,-0.0079972754969163,0.140893137646524,-0.217076818572099,-0.324269340130439,0.110695787166721,-0.01562937903173,0.361485906817591,-0.104364574963642,-0.159249308646382,0.0508018439573566
"DS.PX.WES.M.3",225,"DS.PX.WES.M.3","Phoenix",0.505924396352536,8175,5.83848949758979,-5.07303840319562,1.1345222756982,1.4995920772279,-0.537156509650118,-0.286331654480548,0.473573092370749,-0.13062654201,-0.274918386904838,0.0987784908277812,-0.033236623998745,0.34082089192165,-0.0786598352620716,-0.116830938716423,-0.0332037532609784
"DS.PX.WES.M.5",226,"DS.PX.WES.M.5","Phoenix",0.184706943750803,541,3.64900099164782,-6.57620838314875,2.54083158142347,1.20249588405907,-0.676481246533037,-0.578768897460421,1.09278794713573,0.472228174050819,-0.362114139806275,0.113688226405572,0.0534405931245058,-0.00167627760552297,0.0631122644998277,0.115132519253896,-0.124537249456797
