"","X","V1","V2","HindHe","Depth","PC1","PC2","PC3","PC4","PC5","PC6","PC7","PC8","PC9","PC10"
"LS.PX.PAL.M.5",1,"LS.PX.PAL.M.5","Phoenix",0.445655479310206,516,1.04408606548101,0.726370787810788,-1.34673179283111,-0.72414167111652,-0.366626561809648,-0.362769341545809,0.00240904385892117,-0.680895278999001,-0.486000473589511,-0.105465334353044
"LS.PX.PAL.M.2",2,"LS.PX.PAL.M.2","Phoenix",0.390355099147271,3110,-2.28873600105211,0.691446159269129,-1.74538000527399,-1.42143493841194,-0.248516968565618,0.221772825918618,1.79434157894029,0.0550952845508971,0.854234915538085,-0.526990033179159
"LS.PX.PAL.M.1",3,"LS.PX.PAL.M.1","Phoenix",0.468171430758175,2024,0.134256560873704,-0.116974153715331,-1.20004874722422,-0.725448753059079,-0.490601021430125,-0.644452360793963,-0.686123704860886,-0.558627952444776,-0.894603998442785,-0.0249423437288735
"LS.MN.L01-LS.M.1",4,"LS.MN.L01-LS.M.1","Minneapolis",0.394947441493458,3019,-0.616057442011722,0.95208604302537,0.0283103010965111,0.623162014619888,-0.26825762520622,-0.788528171875907,0.27882805868573,0.0560784222954773,0.785758978992417,1.40470418751949
"LS.PX.PKW.U.3",5,"LS.PX.PKW.U.3","Phoenix",0.359491335588168,13347,3.86954870441319,0.280504772273884,-0.442625734232104,0.916069982675838,0.990410722535538,-1.1764539848833,-0.389419202464689,0.420649617110596,0.103762814687853,-0.726438101226997
"LS.PX.ENC.M.2",6,"LS.PX.ENC.M.2","Phoenix",0.483068190869405,25818,6.65247644765467,-0.122557584267943,-1.27045410770482,0.813113287029851,1.75077297332325,-0.947736934322345,-0.677715456417687,0.486051181190054,-0.11184334593216,-0.317590690093578
"LS.MN.L01-LS.U.1",7,"LS.MN.L01-LS.U.1","Minneapolis",0.331538738907619,10760,-0.179646993074101,1.57134036421,-0.557721839894403,-0.449760452137289,0.24636201436276,-1.06280282566004,-0.520551266529724,0.13956811884038,0.121717133867011,-1.01365668545947
"LS.LA.ARR.U.4",8,"LS.LA.ARR.U.4","Los Angeles",0.310226833230749,11582,-1.1675680329061,0.0890817483001923,-0.0239112998992995,-0.309740741692662,1.67671562576607,1.29585564935381,2.42756742449467,1.45783627623422,-1.1544360918554,-0.132932263117947
"LS.BO.WL2.M.3",9,"LS.BO.WL2.M.3","Boston",0.576689590106295,3972,0.263992182060871,-0.19109968309496,-0.272395818491265,-0.571511564797144,0.259604595170521,0.470540051901285,0.203050378455301,0.000652477888183989,-1.07599159042771,0.00169565882654202
"LS.BO.WL2.M.1",10,"LS.BO.WL2.M.1","Boston",0.665945592788269,2708,-0.0913885937365627,0.389182772157368,-0.192059747506948,0.752749554039244,0.0614110679549474,-0.267933644732726,-0.0502181437140425,0.254468429067601,-0.648294649441699,-0.197184175474139
"LS.BO.R4.U.4",11,"LS.BO.R4.U.4","Boston",0.522517472896968,3206,-1.38251603416022,-1.11596109044113,-0.723642533388009,-1.38654575706156,0.90709006379648,0.542735021353227,0.803014683218089,0.290201936165146,-0.582025208327428,0.55772567632085
"LS.BO.R4.U.2",12,"LS.BO.R4.U.2","Boston",0.406291587450073,3737,-1.5447987128596,-1.00679910865654,-0.949100442386749,-1.26939674360082,1.10241094305527,0.804144489523226,1.8365098067879,0.546904852186065,-0.640837022282652,0.334113988474354
"LS.BO.R4.U.1",13,"LS.BO.R4.U.1","Boston",0.389497152787008,1996,-0.797389998902179,-0.084039292151593,-0.415761542901674,-0.37232348693474,0.628411560751205,0.498795544456475,0.893528042804371,0.101478522499227,-1.34966672704298,-0.155010986914438
"LS.BO.R3.U.2",14,"LS.BO.R3.U.2","Boston",0.37201180634006,4199,3.37530913909568,-0.00689748508226589,-1.24853484237556,-0.213726355355671,0.85416396719786,-0.464076602618488,-0.190727133807661,0.646815675763344,-0.291814144392026,0.199356471458063
"LS.BO.R2.U.1",15,"LS.BO.R2.U.1","Boston",0.202798985371057,319,0.586690626781727,0.0316624436707332,-0.920897775763903,0.0140323953920578,0.46908468890912,0.235875926733172,0.414866266769808,-0.147034548694717,-0.862187140745559,-0.0244139045508158
"LS.BO.LC4.M.5",16,"LS.BO.LC4.M.5","Boston",0.310970140016082,721,-0.399157907676804,0.205058043013965,0.0517621819502324,-0.121528290457087,0.503086039855007,0.0898871257591744,0.883923211935036,0.0816261713944939,-0.806800022538347,-0.681676318841784
"LS.BO.LC2.M.1",17,"LS.BO.LC2.M.1","Boston",0.445268604934524,2464,-1.22214273434643,1.77963711584787,-0.42146799711138,-1.14144495440153,-0.520632779927149,-0.710794086971446,0.160996100929088,0.0752156029649217,-0.403708339483531,0.0279964686724588
"LS.BO.I4.U.1",18,"LS.BO.I4.U.1","Boston",0.253345316986258,11788,-0.349273190917132,1.03333006757222,-0.0509783435904665,-0.599946744320491,-0.322672719235335,-1.00201813336649,1.4781552585347,-1.11021823633829,0.894437549241785,-0.192243196743304
"LS.BO.HC4.M.4",19,"LS.BO.HC4.M.4","Boston",0.522227816526791,1533,1.10167447368514,-0.423622900017089,-0.543723968266769,-0.210086403555176,0.198379520800802,-0.611963567084791,0.315730399792022,-0.397379494154913,-0.20708675755523,-0.201250435686938
"LS.BO.HC4.M.2",20,"LS.BO.HC4.M.2","Boston",0.221099925154227,4464,-0.809672337850783,0.734863859480562,0.0237078899741937,0.403456372066191,-1.64253202267074,-0.530504239630019,0.821447662701354,-0.42068813442278,0.937811616562792,-0.0877050584678757
"LS.BA.WB.U.5",21,"LS.BA.WB.U.5","Baltimore",0.334372090880603,13338,-0.780788939004563,0.103362793724419,-1.91093482207726,-0.00530886527187396,0.475616803835398,0.925936333404665,-0.464963758719385,-0.618335543382196,0.120098818973258,0.572209900137476
"LS.BA.CP.U.2",22,"LS.BA.CP.U.2","Baltimore",0.50604413238124,184748,-2.45437996922427,2.86187649537733,0.25982406835855,2.68470427070262,-0.904555389231561,1.60384861540922,-1.31738192633624,1.53344264892093,3.37123588345222,2.71583820320229
"LS.BA.CP.U.4",23,"LS.BA.CP.U.4","Baltimore",0.454455898102642,152873,-2.24500870022038,3.04310292968694,-0.555964096316133,-0.204911714261478,-0.432277907259602,0.276803834233962,1.23295466293568,0.726177548685249,1.48850762462407,2.49126426382059
"LS.BA.CP.U.5",24,"LS.BA.CP.U.5","Baltimore",0.539647738280871,173944,-1.76370794095903,2.73995365495765,2.10352855110892,2.23356997108731,2.28351761622812,1.95969880234334,2.40430140120961,2.33791357659315,-1.68342250461819,-1.05410755388369
"LS.BA.DHI.U.2",25,"LS.BA.DHI.U.2","Baltimore",0.329893127751788,16549,-1.25426049217914,0.632224846036446,-0.968040788923775,0.791654875599652,0.930438669074191,0.959324025819451,2.88435184002319,1.41424619176032,-1.49846791954111,-1.0944560648062
"LS.BA.GA.U.1",26,"LS.BA.GA.U.1","Baltimore",0.523335051252726,221719,-2.41212924185455,3.08018871149814,-0.22141983499522,1.74593180113258,-2.03420397936418,-0.085434524081763,-3.24722933637821,-2.96993297257363,0.144576557940335,-2.8930880345959
"LS.BA.GA.U.3",27,"LS.BA.GA.U.3","Baltimore",0.420257819868613,86225,-2.25186854116912,1.91864298342544,-1.51872405973267,-2.15219214766576,-2.03474603389159,-0.307593164144328,-0.581927166854789,-1.71253463850573,0.206831624876741,-3.07382090819951
"LS.BA.ML.U.2",28,"LS.BA.ML.U.2","Baltimore",0.447874406781292,136485,-1.18529370429967,2.33973504230454,-0.590493299109021,2.58911498381119,0.789892683658761,-0.418675936956435,-1.20218243080484,-1.17172065593476,1.02926321746923,0.0481637764145571
"LS.BA.ML.U.4",29,"LS.BA.ML.U.4","Baltimore",0.527390549270732,165213,-1.99189991176952,2.11131229018668,0.970453928268264,0.886938647454326,2.73006984380014,1.74645367880245,4.74639209627123,2.89032572502293,-3.18335826247839,-1.36850286067312
"LS.BA.ML.U.5",30,"LS.BA.ML.U.5","Baltimore",0.403846093675384,119521,-2.50536171018504,2.8059827031052,0.344584387207053,-0.757318069512273,-0.394900950126927,-0.542362483541189,0.792720743902983,1.73573691331481,3.68377642623339,-1.90235438695084
"LS.BA.PIK.U.1",31,"LS.BA.PIK.U.1","Baltimore",0.504802768418485,106431,-1.01984373794247,2.29975584255493,-0.703337989323686,0.928254518488191,1.95208601353469,0.588557080484898,1.56448726466651,2.0661308011441,-0.245991805773184,-2.87685322008184
"LS.BA.PIK.U.2",32,"LS.BA.PIK.U.2","Baltimore",0.413721154366628,72164,-1.42785058823804,2.92690201046763,-0.574707274130212,1.28872334565472,0.314396001899721,1.00418098654806,-0.782323280693647,-1.54114311030992,1.58948751190916,-0.148882746099422
"LS.BA.PIK.U.3",33,"LS.BA.PIK.U.3","Baltimore",0.403953648552064,134198,-2.23112748458218,2.72397893828622,-2.5185430929501,-0.0798890770937893,-0.551604353347028,0.819595273224435,-0.283657898786678,-1.35161262348854,1.19373071816359,-1.7366021869927
"LS.BA.PIK.U.5",34,"LS.BA.PIK.U.5","Baltimore",0.479821472407201,136193,-2.07590834197757,3.30161517606054,-2.16749722518926,-0.134702005509365,-1.01964805217326,-0.497408391579556,-2.96610405978061,-1.20790836684462,-1.10553785137362,-0.796345965637514
"LS.BA.PSP.M.1",35,"LS.BA.PSP.M.1","Baltimore",0.521473632015293,195608,-2.28885853609026,3.1178394380978,2.13826342854964,4.14272440230476,0.944069642504002,0.995183188562734,-1.06512646580511,-0.225868960401452,0.735354995087298,1.0089844971601
"LS.BA.WB.U.1",36,"LS.BA.WB.U.1","Baltimore",0.251631953194223,16988,-1.01728073128721,1.57782438788595,-1.00995526152735,-0.380915609750545,-0.032905602109032,-1.39222975312941,1.45443963916117,0.361761432582736,0.287633090478895,-0.208942560355728
"LS.BA.WB.U.2",37,"LS.BA.WB.U.2","Baltimore",0.417043723098165,147138,-2.3698848914547,2.65707852513228,0.0105603656208845,0.375922172003833,-0.133510110853803,1.62158630970581,0.421758440867804,1.04209329672094,4.35294160457374,1.04558603255785
"LS.BA.WB.U.3",38,"LS.BA.WB.U.3","Baltimore",0.533181946753305,172790,-2.75260901906109,3.11996753290386,2.25171254090069,3.80730716606094,0.0465064015548976,1.25980069450326,-0.572405369692164,1.20477392882789,3.24732958971542,0.862272873488752
"LS.BA.WBO.U.3",39,"LS.BA.WBO.U.3","Baltimore",0.536726861753161,185849,-2.3181513423991,2.40278766942795,1.31820274815426,2.96532993752366,0.649020476844621,1.78689166967278,0.354476035768722,3.73896400606907,1.64463460382955,2.12936366674629
"LS.BA.WBO.U.5",40,"LS.BA.WBO.U.5","Baltimore",0.388521105314633,40531,-1.46117946574012,0.541398925054448,-0.0849547667411003,-0.162346824799901,0.114975299176353,0.28434971150145,0.0260101237745554,-0.679101124970154,1.36802530632702,1.23389884931547
"LS.BO.HC2.M.5",41,"LS.BO.HC2.M.5","Boston",0.328619040912609,70,0.122996511396989,0.0956287748293234,-0.430116636315195,-0.338045295157373,0.0295950045321337,0.0986065826837221,0.059221634163447,-0.0716960401328312,-0.0213725990682174,0.0441187483107154
"LS.BO.HC4.M.3",42,"LS.BO.HC4.M.3","Boston",0.280938629371616,28385,-0.527933263562792,0.595151611883839,0.696124937642847,0.322596771972125,-1.32285490667694,-0.813773124945291,2.25460758624422,-1.84845161119069,1.15145846120348,-0.470695324204645
"LS.BO.I1.U.1",43,"LS.BO.I1.U.1","Boston",0.275268376181895,3507,-1.33819627717403,0.178063248022455,-0.255811609089029,-1.72619869422359,0.0873363602134744,0.0991967120914722,-1.16449946006054,-0.454300102589914,-0.891296482913723,1.03338293115393
"LS.BO.I2.U.1",44,"LS.BO.I2.U.1","Boston",0.391520390888578,3956,-1.39779591000295,-1.87553352839513,-2.24649499000058,-0.448121135320687,-0.229946456345239,0.331228586451582,0.383668320538156,-0.467892594271628,-0.579604009224492,-0.294447721113228
"LS.BO.I2.U.3",45,"LS.BO.I2.U.3","Boston",0.608673686093793,3786,-0.797503265400089,0.569633794086435,-0.823811085654099,-0.739680138615488,-1.01085663580396,-0.9527704493241,-0.492835023937023,0.545778585722535,-0.820055178066659,0.298431322477125
"LS.BO.I2.U.4",46,"LS.BO.I2.U.4","Boston",0.491092414124876,3584,-1.74291332451505,-0.897903145924231,-1.985343729318,-0.472308512224827,0.44089362606322,1.02422071874337,0.48055875835392,-0.626342858149341,-0.609435985829042,0.616468222172251
"LS.BO.I2.U.5",47,"LS.BO.I2.U.5","Boston",0.497403062659639,5976,-1.67523790665485,1.81060509712287,-0.880274950324152,-1.3007288332495,-0.563795474736059,0.195564562777324,1.76354788779411,0.349493709989205,0.0501517733124253,-0.623491527015101
"LS.BO.I4.U.2",48,"LS.BO.I4.U.2","Boston",0.678531753662129,5875,4.49425370547035,0.399320686875866,-0.578006627266321,-0.260161492169791,1.08508486682371,-0.917375583415872,-0.636287968503588,-0.41037920770636,0.76667315868316,0.344776488494574
"LS.BO.LC1.M.2",49,"LS.BO.LC1.M.2","Boston",0.471569090502502,36767,-1.79052408011884,2.50155245347003,-1.16028242972116,0.702915017398331,1.03122583343896,0.748844048943356,2.43732969182613,-0.0119433086250724,2.19509373366412,0.641410588224908
"LS.BO.LC4.M.2",50,"LS.BO.LC4.M.2","Boston",0.480412691782043,6666,-0.79275576254851,0.408008121592814,-0.174801660529565,-0.145583714636945,0.505103086878867,-0.050707696528944,1.22370976744934,0.479865832362434,-0.0983438516083545,0.629388039321593
"LS.BO.LC4.M.3",51,"LS.BO.LC4.M.3","Boston",0.534332443208608,3108,-0.0898275556444674,-0.513989053392505,-0.878974963778633,-0.366106666253397,-0.386997492597835,0.0133725465585106,-0.0680862094516737,-1.31855425457229,-0.0887072899790862,-0.752461005075769
"LS.BO.LC4.M.4",52,"LS.BO.LC4.M.4","Boston",0.612165820587201,3588,-0.324293561322645,-0.0418228944131771,-0.140266677093683,-0.626816403913129,-0.610290194403394,-0.154098521203747,-0.396404884240573,0.510640668121868,-0.434814916787262,-0.161405022210321
"LS.BO.R1.U.1",53,"LS.BO.R1.U.1","Boston",0.546887277244945,2720,3.27396883664987,0.235205443638317,-0.936220877644499,-0.555298999501116,0.882010136441105,-0.795812560330344,-0.164692483511886,0.549294257705505,-0.502503389282107,0.350393516960023
"LS.BO.R1.U.2",54,"LS.BO.R1.U.2","Boston",0.509601564500861,4622,-0.256892944246575,-0.696578111527482,-0.158642655658948,-1.30366589057694,-0.283812923464888,0.978772321024671,0.241244179537744,-0.0988895765169305,0.634497600986764,0.320685257569409
"LS.BO.R2.U.2",55,"LS.BO.R2.U.2","Boston",0.30295978982003,1317,-0.48234630377406,-1.08406734700142,-1.64644375791662,-1.15366600892792,0.635043946924424,0.404035715475801,0.658943135592321,-0.277207438741255,-0.488756465519796,0.713786658228201
"LS.BO.R2.U.4",56,"LS.BO.R2.U.4","Boston",0.303627635733189,2115,0.0622226243635569,-0.0900376862981252,0.173890167212242,-0.789756814509353,0.373921616500441,-0.381837635998075,0.458077942695306,0.468306332762947,1.07327600720143,0.5959380270907
"LS.BO.R3.U.1",57,"LS.BO.R3.U.1","Boston",0.462529343330966,151536,-2.38189265338739,2.38773069672088,0.956628703444709,-3.383832261146,1.33396659976756,-1.29879644647765,4.63600605987051,2.53115788119928,0.273759881918052,1.26908439038314
"LS.BO.R3.U.3",58,"LS.BO.R3.U.3","Boston",0.397297791645253,195085,-2.48089575405237,2.31538032298625,0.927054514869109,-2.05581866460927,1.6265967355437,0.78827040524346,4.17129526583036,3.65241622417911,3.36214951401991,0.781518909901871
"LS.BO.WL1.M.1",59,"LS.BO.WL1.M.1","Boston",0.611182911048725,2372,-1.06210332039418,0.151549819585219,-0.986779070755513,-0.728557160034299,-0.774482119350434,-0.273792930490214,-0.249602837146615,0.390498654348859,-0.255078575994546,-0.181883091769733
"LS.BO.WL1.M.2",60,"LS.BO.WL1.M.2","Boston",0.54126959008073,2015,-1.00402671438901,-0.918370628721384,-1.58224358135841,1.33269540820957,-1.71651742686315,0.126927638034704,0.0950136861349892,1.14692709681109,0.78260289551973,0.23663106257184
"LS.BO.WL1.M.3",61,"LS.BO.WL1.M.3","Boston",0.403713317655438,5437,-1.38751969981099,1.83362848822966,-0.537285131655491,-0.866170589134111,-0.767984320528075,-0.0859695988004361,0.447258864618818,-0.186987114768102,-0.788809457592749,-0.593775796312529
"LS.BO.WL2.M.2",62,"LS.BO.WL2.M.2","Boston",0.392730116502879,6310,-0.721137521285596,0.299271292234628,0.337965124888317,-1.3087110989454,0.758492330913353,0.147663531781584,0.552084719166762,-0.490536722605358,0.0308783536636236,1.24498125486472
"LS.BO.WL3.M.1",63,"LS.BO.WL3.M.1","Boston",0.363209236639711,23640,-1.25958836246333,1.25216599823131,-0.677420579165167,1.57731281848818,0.706714404234058,0.958514913853357,0.449950810090372,-1.08625010525771,0.653698694990246,1.44588015643023
"LS.BO.WL3.M.3",64,"LS.BO.WL3.M.3","Boston",0.405905064887941,133238,-1.94936906781287,2.81802338624789,2.23005207526772,1.4528047072612,-0.685475009974192,0.659728055361496,0.057502625533189,-1.57050521345997,1.0561968044147,-0.83694900158519
"LS.BO.WL3.M.4",65,"LS.BO.WL3.M.4","Boston",0.533619088294139,244241,-2.2635477473678,2.94885241911627,3.11077545981149,4.13826198517808,0.645925442852771,1.86506897929214,-1.23914695482057,-0.255544017169884,1.99223032527793,0.930281571109313
"LS.BO.WL3.M.5",66,"LS.BO.WL3.M.5","Boston",0.396134267150368,57683,-1.8594066478816,0.418785781820947,-1.83433835381031,1.06274743778697,-2.09661170693149,0.454144277023915,0.169897747886545,1.23535300332646,2.70014801889512,-0.545832336897232
"LS.LA.ARR.U.1",67,"LS.LA.ARR.U.1","Los Angeles",0.441851559573357,154140,-2.78204564417771,-2.89698129382935,3.29671317213366,-0.957441406262464,0.90576541466045,-1.43627508171589,-0.403968128151711,-0.836476739516413,1.4421064459135,-0.875768786558614
"LS.LA.ARR.U.2",68,"LS.LA.ARR.U.2","Los Angeles",0.536522204837275,239842,-2.87704195111512,-3.01139086634999,4.14736914444923,1.78703198755382,1.9526607161309,-0.179794665500813,-0.762579280934044,-1.33586651988788,-1.40170623113787,2.44170916653388
"LS.LA.ARR.U.3",69,"LS.LA.ARR.U.3","Los Angeles",0.522123335773001,188177,-2.94791701448475,-4.03388857346909,1.0560789530273,0.14645417935773,-0.636595097976935,-0.630084174634893,-1.55171704059159,0.129296961394079,-1.82736392587172,0.884415152827579
"LS.LA.ARR.U.5",70,"LS.LA.ARR.U.5","Los Angeles",0.459021076174099,163792,-3.03843295945425,-3.05900756075372,1.37235765855272,-1.96170705983334,0.329560491525437,-1.77096461495854,0.377848759075533,-1.42515521798324,0.653755014167997,-0.111332003337955
"LS.LA.ESM.M.1",71,"LS.LA.ESM.M.1","Los Angeles",0.416215333986221,33764,-2.29296417099372,-3.02514861971593,-2.40211094716886,-1.77719459739798,0.0915036264628237,0.586036598737886,0.214992847684235,-1.4470305294479,-0.490250158528365,1.0351621745874
"LS.LA.ESM.M.2",72,"LS.LA.ESM.M.2","Los Angeles",0.354443479459613,41231,0.726025632088082,-1.85793087367031,-2.6032492755514,0.837710380714628,-0.783265670941693,-1.34409672213325,0.327600998706059,-1.20489081726736,1.07658636300585,-1.04410939568166
"LS.LA.ESM.M.4",73,"LS.LA.ESM.M.4","Los Angeles",0.385899249319598,29513,-1.35591986650566,-2.34144189274008,-2.361552529514,0.785447354205866,-0.00945881965374376,-0.306104197793806,0.754029925553283,-1.7520621148092,-0.122850878815437,-0.4246746016963
"LS.LA.ESM.M.5",74,"LS.LA.ESM.M.5","Los Angeles",0.543640030708071,210420,-2.35076976397943,-2.14031619404471,3.84445226442585,1.66605851844002,1.44869504052767,-3.52609276647297,1.08296185911556,-2.78487291952428,2.42582297979443,1.09828005949843
"LS.LA.FIG.U.1",75,"LS.LA.FIG.U.1","Los Angeles",0.430380955576162,108479,-2.94260675641055,-2.81885765792722,-0.280309099513023,-2.13219244973281,-0.0346659821806885,0.0349112042693435,-1.75518748914903,-1.22190473881652,0.471320422952607,-2.13644907607551
"LS.LA.FIG.U.3",76,"LS.LA.FIG.U.3","Los Angeles",0.520220762620999,140735,-2.57202997114512,-2.26225485273988,1.79940497474616,-0.874185139120381,0.754203921746657,0.307018489784739,-3.885037572713,1.17277648513452,0.0563967464047719,-1.06242294049606
"LS.LA.FIG.U.5",77,"LS.LA.FIG.U.5","Los Angeles",0.466046779858589,143220,-3.01097684706985,-2.30642811092247,2.41756159064766,-2.3016383792089,0.0355812182096692,-1.52242828528217,-2.62854501074081,0.529488556790082,0.356802079230808,-2.0679681372641
"LS.LA.GLO.M.3",78,"LS.LA.GLO.M.3","Los Angeles",0.388177668274422,12428,0.46868606655874,0.386609540912332,-0.0509592734276567,-0.666046016440204,0.787160113250368,-1.58002701142496,0.614645908844344,0.328089238990937,1.09863624220388,-0.322687984113675
"LS.LA.GLO.M.5",79,"LS.LA.GLO.M.5","Los Angeles",0.29091314871789,2837,2.4616937301539,0.534090077204775,-0.710534712865715,-0.642984400341932,0.631601452368574,-1.46776818499875,0.311599314410429,0.0933446053657549,0.68235507762242,0.258832374793839
"LS.LA.GRI.M.1",80,"LS.LA.GRI.M.1","Los Angeles",0.441217187005206,57593,-2.2571868140697,-2.22365677713939,-2.62173744754061,-1.33574680290248,-0.130324931196879,-0.168573246659479,0.6311195872504,-1.05702221606894,-1.51426052941036,-0.0153270120357221
"LS.LA.GRI.M.3",81,"LS.LA.GRI.M.3","Los Angeles",0.492216856278424,62544,-1.91947396302745,-3.12016743962267,-1.8010009747213,0.785115442691832,-2.42091665276715,0.479860949970079,-0.895732388923919,1.39410477754047,0.554113145074417,-0.0254583936872742
"LS.LA.HOW.U.1",82,"LS.LA.HOW.U.1","Los Angeles",0.32586255327712,31698,-1.96107223677897,-2.72511370461724,-0.603457056143485,0.542919808917803,0.788303135604227,0.632503637167737,0.930592593273111,-0.185683623860238,0.187796915157401,0.102652976490486
"LS.LA.HOW.U.3",83,"LS.LA.HOW.U.3","Los Angeles",0.506910124463322,154007,-2.26101222694987,-2.60346631330051,2.60144546485617,2.93216959849123,0.562206338793397,-1.93318645657622,1.9207075445385,-3.35771666262604,-0.825748192715595,-0.40405303388248
"LS.LA.HOW.U.4",84,"LS.LA.HOW.U.4","Los Angeles",0.542894389581497,214640,-3.01032074265322,-2.95277838659989,3.27063229687016,1.42550918309371,-0.262918904245411,-3.81537364363205,0.63952514184659,-1.82483187700037,-1.58431181599995,0.165698336237808
"LS.LA.HOW.U.5",85,"LS.LA.HOW.U.5","Los Angeles",0.319817292538135,65120,-1.91695127123346,-2.22408155290907,-1.12059142047528,-0.30001968828463,-2.09892371969679,-1.89740485950435,-0.662786129089031,0.389006146856096,0.908418165967899,-3.33536130564458
"LS.LA.MAD.M.1",86,"LS.LA.MAD.M.1","Los Angeles",0.464000060637161,152061,-0.798849160240633,-2.72684536625786,0.386535508337986,1.19885644254635,-4.33714324624403,-1.50735848265738,-0.727305419209848,3.88317567175612,0.101664135763394,-0.263232653356166
"LS.LA.MAD.M.2",87,"LS.LA.MAD.M.2","Los Angeles",0.545150464285279,181215,0.232555183664017,-2.75346319320816,0.834152172361841,3.70918131027087,-3.4690536929811,-2.46741026937018,-0.0474616203932702,3.41959856077163,0.0905347569725528,1.07933567070927
"LS.LA.MAD.M.4",88,"LS.LA.MAD.M.4","Los Angeles",0.437294872216801,81095,-0.0733607798193202,-2.29716155557171,-1.28732339138701,1.54092922641679,-1.36837236430375,-1.25045197084491,-1.4601074954971,1.34313838843821,1.02487993926843,-2.70013684818789
"LS.LA.NAV.M.2",89,"LS.LA.NAV.M.2","Los Angeles",0.370007629830814,41329,0.00151855422209455,-3.14372438464865,-2.23430299285363,2.14961718508563,-2.19836360964413,-0.833497480846385,0.0776108581206492,0.46788411349713,-0.218749342157474,-0.749915357624871
"LS.LA.NAV.M.4",90,"LS.LA.NAV.M.4","Los Angeles",0.534580818314374,248002,-1.06049995699371,-3.52784054549833,-0.237330100892006,5.38817060477007,-2.90129674760955,0.146357311646819,-1.13715320493656,4.41211251354079,-0.644426994240382,1.75212608976661
"LS.LA.NAV.M.5",91,"LS.LA.NAV.M.5","Los Angeles",0.533111324572432,186336,-0.161022074433191,-4.08051376373233,-1.48921916082414,2.16199609254427,-3.86077224367874,-0.652747851450691,-0.18248308783651,3.8144726615498,-1.57293562619551,2.26009116476882
"LS.LA.NVR.U.1",92,"LS.LA.NVR.U.1","Los Angeles",0.524505229972638,179042,-2.23415749705341,-2.28570894186528,2.63577104140341,2.92971623117816,0.15320345685472,-3.81756653162827,0.943361683507433,-4.61401484021989,1.08813562850538,-0.746864132141372
"LS.LA.PAR.M.2",93,"LS.LA.PAR.M.2","Los Angeles",0.397036539509582,50396,-2.06403423999169,-3.13883036774487,-2.06607664586338,-0.13400202114042,-1.97076890624117,0.00732710417844558,0.935192246845526,-0.121549105982753,-1.16186735787413,-0.291983489844204
"LS.LA.PAR.M.4",94,"LS.LA.PAR.M.4","Los Angeles",0.551864026582538,189822,0.0143760033470828,-3.31738057490158,-0.125374791892561,2.77543342177315,-6.04181274242686,-0.872811390693663,0.939797913532748,4.45112173545736,-0.300260340761228,-0.180142304690891
"LS.LA.SAN.U.1",95,"LS.LA.SAN.U.1","Los Angeles",0.535114141433788,184390,-2.78703307163181,-3.17136446527007,2.01365068301727,2.13364146796726,1.73023032013042,0.373856048072255,-0.192305569153905,-0.954962808543663,-2.11790548482159,1.37238804933272
"LS.LA.SAN.U.2",96,"LS.LA.SAN.U.2","Los Angeles",0.430216005437112,229512,-2.68162316585574,-2.15217526311088,3.67267293548764,-2.45115295880761,0.501850491357265,-1.62100530182977,-3.17996015309583,1.21221196988473,3.61198588458322,-4.50763169614401
"LS.LA.SAN.U.3",97,"LS.LA.SAN.U.3","Los Angeles",0.437757589168694,62855,-1.98174179285211,-2.63717251657907,-2.38581301437444,0.773508761176378,-0.988803037730278,-0.284410044376919,2.0940323230341,0.266295980346028,-0.187210264027869,0.340735321377646
"LS.LA.SAN.U.4",98,"LS.LA.SAN.U.4","Los Angeles",0.409529540259473,85339,-2.60323651990638,-2.90477452469353,-1.48684216030371,-3.42645478017619,1.61557812562577,2.96270389473583,-1.33194352862213,-0.578474231985403,-0.236598561734648,2.58509484605976
"LS.LA.SAN.U.5",99,"LS.LA.SAN.U.5","Los Angeles",0.50705102176821,169946,-2.89776978053289,-3.21725846605718,2.33276925157449,-1.01680064429959,2.57933871786532,3.59621656952373,-2.39147184342589,1.12887993975299,-0.0967624153386246,1.23152436418593
"LS.LA.SHO.M.1",100,"LS.LA.SHO.M.1","Los Angeles",0.286070194772819,40257,-2.52755451274706,-2.04796192156394,-1.492159388607,-2.9850609333611,0.573521943672374,0.647643250372133,1.26183338878332,-0.455753247000992,-0.778951494763463,1.74528129460274
"LS.LA.SHO.M.2",101,"LS.LA.SHO.M.2","Los Angeles",0.444746841947115,114671,-2.60702090288184,-3.11860785584062,0.597516392564529,-1.81955595638986,0.375838537017854,-0.240258356615178,-0.79416282417245,0.848353815992208,-0.766741502720699,1.92006705759119
"LS.LA.SHO.M.3",102,"LS.LA.SHO.M.3","Los Angeles",0.544067015645359,192971,-2.45006852034243,-1.69233665808649,1.97212483002415,0.90642242394452,2.69227705304884,1.56549385306195,3.53666647609632,1.27362027095191,-4.51837106716942,-0.223637524697435
"LS.LA.SHO.M.4",103,"LS.LA.SHO.M.4","Los Angeles",0.421375717494391,15778,-2.05165387545054,-3.00787335185291,-2.21643000560435,-0.739220457233217,-0.738535988168804,1.23859695222489,0.549057334229328,0.0709933686883199,-0.536152823309664,0.847095655655945
"LS.LA.SHO.M.5",104,"LS.LA.SHO.M.5","Los Angeles",0.388903143637065,43941,-1.9837804200962,-3.05524321546034,-3.25846073313071,0.291070278979648,-0.797882341906133,1.17151575905214,0.326594540067607,0.290304370764344,-0.744469510657571,0.952182410499544
"LS.LA.SSV.M.1",105,"LS.LA.SSV.M.1","Los Angeles",0.503665080664228,211856,1.6998362829704,-2.4793390657623,1.50690196641695,1.62785301340643,2.32972340362012,2.88974717748539,1.16672543247683,0.104861303598036,-3.63530436703126,-1.61046589143445
"LS.LA.SSV.M.2",106,"LS.LA.SSV.M.2","Los Angeles",0.460229216622032,110533,-2.83141553743442,-2.33050750542848,2.04304873043942,-2.24499118935985,1.94490689888065,2.54145885789634,-1.53041133193071,0.347525610426069,2.71419277395758,-0.396338354012981
"LS.LA.SSV.M.3",107,"LS.LA.SSV.M.3","Los Angeles",0.429714660197956,82857,-2.69620283163369,-3.05089792461947,-3.33924239335263,-0.840539849991237,-0.924783238721341,0.315285635284641,1.31540299125518,-1.69477124779911,-0.0243579813132428,0.252410604533735
"LS.LA.SSV.M.4",108,"LS.LA.SSV.M.4","Los Angeles",0.425204878946295,133591,-2.89788492973096,-2.72303790500357,-0.771055660347681,-3.61884050854659,1.78801356356815,3.02755361522266,-1.58510397251695,0.302325450259031,1.33325975376101,1.63575568568835
"LS.LA.SSV.M.5",109,"LS.LA.SSV.M.5","Los Angeles",0.521440977412166,101228,-2.44450739043516,-2.75675319461586,-2.49612917144023,0.332066285319295,0.0322633271759704,0.804932231244499,1.1519084120835,-0.689918843093243,-2.53838454006099,-0.838038256213642
"LS.LA.STO.U.1",110,"LS.LA.STO.U.1","Los Angeles",0.417578662318064,73069,-2.60549401938126,-3.02833894407071,-2.20686006823153,-0.708601167277393,-0.101121479942007,0.118677036741336,1.12480425148119,-2.19082999799828,-0.901700997273289,0.586613878900899
"LS.LA.STO.U.4",111,"LS.LA.STO.U.4","Los Angeles",0.527744904915257,196678,-2.64542887804361,-2.70225330340186,3.8994287655701,1.45420081407515,0.748808980124897,-0.836247037771105,-1.54429269547735,-2.20247923711793,-2.00680935617457,-0.15602239312988
"LS.LA.VB1.U.1",112,"LS.LA.VB1.U.1","Los Angeles",0.511481776350176,137401,-2.5616708052267,-2.2421999624297,1.90896716798514,-1.50765250113378,1.68392594740699,2.69068493620268,-2.1438631190344,1.31220094674376,1.71339096629796,-1.17116602421626
"LS.LA.VB1.U.2",113,"LS.LA.VB1.U.2","Los Angeles",0.415443267637316,36206,-1.58700539611208,-1.91800760499436,-2.39476244520683,0.0879289159857439,1.22267536272694,1.66516122140316,1.4214961621427,-1.26904079637527,-0.792804424082916,0.161729603627481
"LS.LA.VB1.U.3",114,"LS.LA.VB1.U.3","Los Angeles",0.328218696633751,100659,-2.65902301810415,-1.38901213728215,1.17551374456936,-3.62131714987977,1.11507804555313,0.192050538254125,-1.45550104837676,1.35395454577995,3.81469534981136,-2.6194669799122
"LS.LA.VB1.U.4",115,"LS.LA.VB1.U.4","Los Angeles",0.524386170786316,163755,-2.88693937429878,-3.4788372623359,1.56792691199593,-0.508660184310099,2.47429494972851,3.99717107561093,-2.05749249222892,0.740491771999908,-0.0648000077120837,1.1818922936514
"LS.LA.VET.M.3",116,"LS.LA.VET.M.3","Los Angeles",0.405374288024455,118567,-2.28299522832152,-2.99116741051973,0.839772671534478,2.04346593099486,-1.89021481802126,-0.0630425554208276,0.104694372022696,4.38661676698512,1.13528367141254,0.276504624650107
"LS.LA.VET.M.4",117,"LS.LA.VET.M.4","Los Angeles",0.572713563733844,331501,-2.88230542884592,-2.89946333039316,4.8957330033123,1.47939395662481,1.43224341940874,-6.33052548747122,4.03465093334592,-4.53910225576009,1.53467797132755,1.4242248791964
"LS.LA.VET.M.5",118,"LS.LA.VET.M.5","Los Angeles",0.451926495487056,111081,-2.37100444365874,-2.70559620116705,0.584782067546426,2.31230385737422,-1.89418326773818,-0.673704379290986,-0.297571771393001,-0.212487725463629,0.999875332654889,-0.445023759619697
"LS.LA.VNH.M.2",119,"LS.LA.VNH.M.2","Los Angeles",0.491644432988118,109594,-2.53811192377207,-3.57259387690054,-0.605068163377143,0.525453498825832,-2.44292225306094,-1.10911999918651,-1.77158875300851,0.792922295486906,-0.636626615599165,-2.60436445320781
"LS.LA.VNH.M.4",120,"LS.LA.VNH.M.4","Los Angeles",0.460429607750017,160777,-2.72027420051938,-0.766553492065561,3.6225008864293,-1.99049596844973,0.856054653945072,-3.33337593107331,3.26754428106287,-0.43858063161875,0.465539026967232,0.155294875202833
"LS.LA.VNH.M.5",121,"LS.LA.VNH.M.5","Los Angeles",0.495483255104338,175339,-2.20021063890694,-2.41289930490815,2.85234235616146,3.243292183463,0.774715106182155,-0.682937731933803,-0.163094968473007,-0.577030902965917,-1.02176027225421,0.959254256810171
"LS.LA.WES.M.2",122,"LS.LA.WES.M.2","Los Angeles",0.522269338829496,175601,-2.67691446613168,-3.10317945520703,1.62666311312687,-0.391062809397215,2.85830059443039,4.29935090862122,-2.276077790815,-0.292120144972241,-0.359461771804705,2.11560279780027
"LS.LA.WES.M.3",123,"LS.LA.WES.M.3","Los Angeles",0.530156680942038,151694,-2.84289949484244,-2.93728413663361,1.46800959634892,-3.37607944388016,1.28491753954843,2.98756290233417,-3.72738661471216,-1.21344201409775,0.426586582023047,-0.15188640561469
"LS.LA.WES.M.4",124,"LS.LA.WES.M.4","Los Angeles",0.402322183375357,43818,-1.9892678544739,-3.17731988931973,-2.1446841845699,0.589737985731516,-0.556279605781015,0.422342675768109,-0.395744143618366,-0.91317522206114,-1.33183181252366,-0.0801403873127471
"LS.LA.WES.M.5",125,"LS.LA.WES.M.5","Los Angeles",0.350250600492924,97162,-2.93668684579523,-1.30822145595068,1.2522004472129,-3.85356728378022,1.16088602547641,-1.07687124441124,0.787280173051587,1.09013925873554,3.03562814732915,-2.05219379953593
"LS.MN.L01-LS.M.2",126,"LS.MN.L01-LS.M.2","Minneapolis",0.357551546024184,21617,-1.69161471312574,1.07050350343008,-2.80009689147255,-0.826467468084886,-0.109591261570731,-0.405737475542494,1.92752411722825,-0.193702932109851,0.70696615400911,-0.212715138775821
"LS.MN.L01-LS.M.4",127,"LS.MN.L01-LS.M.4","Minneapolis",0.424023947381635,28811,-1.91622358819153,1.06857032528288,-3.13208616852069,-0.396108443013308,-1.35324881322892,0.0996087140451383,0.130874925395451,-1.76820993919536,0.808845555428695,-1.336882671611
"LS.MN.L01-LS.U.2",128,"LS.MN.L01-LS.U.2","Minneapolis",0.535513980335773,191494,-2.26967227679501,4.40664010105871,1.66061389279649,1.81116097471496,-0.510281472376609,-0.98201644483223,-2.28068283268128,-0.641753546364948,-2.30035878695475,-0.0514908014887766
"LS.MN.L01-LS.U.3",129,"LS.MN.L01-LS.U.3","Minneapolis",0.55833386290266,326070,-2.35406860466121,4.56746660338606,2.46844482784608,-1.34028517873602,-0.89781341332668,-2.52908135369001,-5.1974627841966,0.906946915236489,-5.10204791994908,0.546135769348515
"LS.MN.L01-LS.U.4",130,"LS.MN.L01-LS.U.4","Minneapolis",0.405195078946628,52937,-1.28305543757401,2.21116202732668,-2.66473467803916,1.56235001882387,0.143431736827632,0.730591398647444,0.241503246306059,-1.75854775750262,0.625289781866809,-0.758603048141985
"LS.MN.L02-LS.U.1",131,"LS.MN.L02-LS.U.1","Minneapolis",0.505042461351875,186684,-1.10126907835682,2.88985670676585,0.042320058475973,2.68534969364416,1.41510971315915,0.768084327688015,-1.47953654519433,-0.642512529203116,-0.135451017556461,-2.89652589138783
"LS.MN.L03-LS.U.2",132,"LS.MN.L03-LS.U.2","Minneapolis",0.403606912206913,52722,-1.92698488013007,2.01618725167013,-2.60890780891662,0.587985087259478,-0.558831559192446,0.561873955562257,-0.833500019626454,-1.0163727094466,0.310813567410944,0.66557530720285
"LS.MN.L04-LS.U.2",133,"LS.MN.L04-LS.U.2","Minneapolis",0.54018425974523,230191,-2.31945880050142,4.49449336473018,0.911023504003423,-0.609445903536037,-0.136149301322925,-1.07816991550213,-3.86122757023079,0.413237416789237,-4.79526527466203,-0.52947985080103
"LS.MN.L05-LS.U.1",134,"LS.MN.L05-LS.U.1","Minneapolis",0.436449142159332,112154,-2.0930455130558,3.48352914413473,-0.681862337351609,-1.06600774082763,-2.82051954642167,0.123452688658177,-0.448705544474732,-1.62254419137433,-0.475615361646831,-1.24437857484867
"LS.MN.L05-LS.U.2",135,"LS.MN.L05-LS.U.2","Minneapolis",0.426494936297864,169838,-2.11523242720662,3.62246318918384,0.658848093661624,-0.783822135807448,0.450213738773061,0.25662528381884,4.80304367419054,0.500773052968612,0.142288097679535,-0.404834648164414
"LS.MN.L05-LS.U.3",136,"LS.MN.L05-LS.U.3","Minneapolis",0.52132383129002,135748,-1.88693671766083,3.56748227536051,-1.47344769189836,-1.83786884632139,-0.760929064573329,-1.08849497866268,-1.57482083479176,-0.391760944452436,-2.70825386740451,2.04542622411518
"LS.MN.L05-LS.U.4",137,"LS.MN.L05-LS.U.4","Minneapolis",0.40840345767811,38933,-1.96696683429656,2.21601279750249,-0.852218138057867,1.00738693669306,-0.122491653610897,1.65194380045944,0.215875617488634,-1.63579639353818,0.965698015975797,-0.0827352655475376
"LS.MN.L05-LS.U.5",138,"LS.MN.L05-LS.U.5","Minneapolis",0.454273044310017,166913,-2.26393427889267,3.87169327829874,1.43034429470547,-2.78003314832713,-0.568659660302667,-1.35302670490552,0.597725106552925,1.5060349025199,-0.513958717369412,1.90425578036084
"LS.MN.L06-LS.U.2",139,"LS.MN.L06-LS.U.2","Minneapolis",0.535832795266025,215313,-2.56711036512603,4.83669281605473,0.223749619068079,-0.77639352850257,-2.28024866754075,-1.10792867683396,-3.18411828199537,-0.0718132565611627,-0.36713802872178,2.76757158649186
"LS.MN.L06-LS.U.4",140,"LS.MN.L06-LS.U.4","Minneapolis",0.419878931777113,92216,-2.10740851438254,3.30461475117376,-0.742985811909483,0.056876706130977,-1.16883188604913,0.810469771723824,-1.47800419098035,-0.160336406501518,0.369886000977482,1.59040184845922
"LS.MN.L06-LS.U.5",141,"LS.MN.L06-LS.U.5","Minneapolis",0.537438065390961,193094,-2.63948505118201,2.89004325038345,-0.585175991483858,3.49770107515929,0.419349096873823,3.02847789124039,-1.65100157249768,-1.84960166037747,2.45513087348249,2.07846363728273
"LS.MN.L07-LS.U.2",142,"LS.MN.L07-LS.U.2","Minneapolis",0.431326937879541,95306,-2.30482301981406,3.10985225316597,-1.92144597659735,-0.959776122526683,-1.30880914601988,-0.231008158616008,0.145875220635872,-0.78014325492745,-0.630660792230851,0.779208351976059
"LS.MN.L07-LS.U.4",143,"LS.MN.L07-LS.U.4","Minneapolis",0.559955774800201,310860,-2.36198416575399,4.83763026355254,1.86689876166886,1.50038995457417,-0.105005297011891,1.67996446568464,1.35310751833747,-1.9304548875396,-3.78704057999471,0.066103601934056
"LS.MN.L07-LS.U.5",144,"LS.MN.L07-LS.U.5","Minneapolis",0.414841435153108,152556,-2.08012854617519,3.58712964893357,-0.0412462690278627,-2.62410724917894,-0.884477957097364,-2.65064545760559,1.08215672372966,0.213213432645978,-0.640893492680468,-0.258785443290637
"LS.MN.L08-LS.U.1",145,"LS.MN.L08-LS.U.1","Minneapolis",0.390329674985018,29102,-0.906991612636052,1.86797999332528,-1.41370296306108,1.90194612820191,1.00313124588762,0.355669655054816,0.434421567202527,-2.02087456096431,1.02410391362904,-0.58192910140109
"LS.MN.L08-LS.U.2",146,"LS.MN.L08-LS.U.2","Minneapolis",0.469344209316918,156131,-1.69155721796492,3.08644534204406,-0.0758774142408496,-2.8237142893236,-0.130068492010094,-2.14668935353216,-0.247314142436358,1.14994087544303,-1.3060773303733,1.87431166130482
"LS.MN.L08-LS.U.3",147,"LS.MN.L08-LS.U.3","Minneapolis",0.510756442789272,186051,-2.51484195318165,3.2420184888999,1.20307177373763,3.34455526224892,0.679575609305185,1.16537014138684,-1.22333776355701,-1.35654910188737,0.687438639341063,2.09768276827563
"LS.MN.L08-LS.U.5",148,"LS.MN.L08-LS.U.5","Minneapolis",0.410116210288551,45593,-1.93416315113465,1.14107180176928,-4.0965333494158,-0.299108895455449,-0.831931783434645,0.510723593522236,0.826110624997975,-1.38532545063445,-0.11448001768488,-1.05070407115438
"LS.MN.L09-LS.U.3",149,"LS.MN.L09-LS.U.3","Minneapolis",0.59280018089048,330781,-2.70097665156838,3.26745402159403,4.2276545914669,-1.41387133725252,2.63419288514868,-1.60861742492591,-0.762465439724528,6.10262769776979,-2.1607727901743,-5.82275645102948
"LS.MN.L09-LS.U.5",150,"LS.MN.L09-LS.U.5","Minneapolis",0.430697575073377,97001,-1.82373365756175,2.3320751056434,-1.33431893004186,-0.573624979121811,-0.349566566688545,-0.468554459709969,-1.44120857374718,0.170023525676064,0.721880455453666,-3.0046458945745
"LS.MN.L10-LS.U.1",151,"LS.MN.L10-LS.U.1","Minneapolis",0.511184875539169,178935,-1.65131340005597,2.76334171689745,0.0303654774264077,2.06090800488898,2.29442454128007,0.165815291749919,1.91849680374922,1.03462837795373,-3.77238378896113,-2.03585415583232
"LS.MN.L10-LS.U.2",152,"LS.MN.L10-LS.U.2","Minneapolis",0.522688596051198,161990,-2.17324043862477,3.8646434594495,-0.584779368627544,-1.16868800760804,-1.53291568543367,0.102391144030992,-2.2569481322339,-1.15246570641925,-0.98695153897435,2.23863670510083
"LS.MN.L11-LS.U.1",153,"LS.MN.L11-LS.U.1","Minneapolis",0.458492114764675,174762,-1.87421516586053,3.6974667277887,1.32007174278886,-2.81561710385751,-0.82649327132624,-2.86892774476414,-1.15190599729086,0.508739466805606,-2.4771978886302,1.51330529521205
"LS.PX.ALA.M.2",154,"LS.PX.ALA.M.2","Phoenix",0.520834781506978,182941,6.87103533167469,0.203279332017348,2.70371312695701,-0.155376922382646,-2.66573887843399,3.28526863031615,1.10051583239198,-0.848035191051429,-0.375731034094038,-1.26235759805443
"LS.PX.ALA.M.3",155,"LS.PX.ALA.M.3","Phoenix",0.556006807107768,324614,5.80968089151538,0.227409015612887,4.54030366004348,-1.69031206017047,-7.26086392439909,4.06553436185197,2.40784601503242,-1.76114323526233,-0.227446590263868,-0.97979967786262
"LS.PX.ALA.M.4",156,"LS.PX.ALA.M.4","Phoenix",0.351401076370269,42548,4.80563712873388,0.336303072886408,0.795490886282403,-0.279220735334014,-0.291945168771232,0.216028887598305,-0.185711320758892,-1.19767138835656,0.579875973070561,-0.705596960072376
"LS.PX.ALA.M.5",157,"LS.PX.ALA.M.5","Phoenix",0.474801985162972,145233,5.8562203470898,-0.157082633449752,1.651441613103,-1.01923497240943,-3.8662600465365,0.250247617584907,0.582881691629035,0.831812347138962,0.36014476521209,1.16276573950797
"LS.PX.ALA.M.6",158,"LS.PX.ALA.M.6","Phoenix",0.542389424703653,177519,7.57813494343955,0.103168568534972,2.97239326999139,-0.616216047512675,-1.74635034322952,2.19023937099093,1.13862623489295,-1.0683549929813,-0.770970838248681,-1.05625605396361
"LS.PX.COY.M.3",159,"LS.PX.COY.M.3","Phoenix",0.464335299295381,141355,6.19071287132578,0.48801754692084,0.517539363124399,-1.83324951856204,0.285648917384917,-1.69901343454516,-0.368681807841784,0.581676134855353,1.03227650198978,3.22725969335566
"LS.PX.COY.M.4",160,"LS.PX.COY.M.4","Phoenix",0.389949306517933,107602,5.91683270908196,0.0630662489651172,2.43106244036059,-0.851666074908828,0.0115049467328161,2.15932645433006,0.655081207451008,-0.0608462185502475,0.304076116795511,-0.445071480443154
"LS.PX.COY.M.5",161,"LS.PX.COY.M.5","Phoenix",0.459336214092661,52849,7.3567539759914,0.00841240301158116,-0.629286375766965,-0.444285337350402,1.25173172463917,-1.47127889191222,-0.369071511535783,0.18187135434407,0.147723179959971,0.600766331126267
"LS.PX.DOW.M.2",162,"LS.PX.DOW.M.2","Phoenix",0.40920069085131,32077,3.94067235841341,0.252790636236162,0.141382691727405,-0.891893852273097,1.09892916717069,-0.478006773481771,-1.38532771168145,0.998229974122724,-1.75883521175465,1.04143564585398
"LS.PX.DOW.M.3",163,"LS.PX.DOW.M.3","Phoenix",0.459194678955969,24753,6.70573767478161,-0.328747713397039,-1.56824449773434,1.20015451067184,1.60070341685886,-0.496607861192461,-0.386097405918343,0.128165248049714,0.126848479364242,-0.544288977533878
"LS.PX.DOW.M.4",164,"LS.PX.DOW.M.4","Phoenix",0.466393978084093,21153,5.53096080601658,-0.317581479138575,-1.66406519083899,0.315988452815094,1.01790324100673,-0.818336275581369,-0.553009084240571,-0.205552725196552,-0.508075142809775,-0.28614338630018
"LS.PX.ENC.M.4",165,"LS.PX.ENC.M.4","Phoenix",0.449258818378651,105665,6.10659191217038,-0.0398372366807235,1.43898373909343,-1.55861508252301,0.636291423098797,-2.1585118806846,-0.538712267133975,0.459679855562676,1.06520626669173,1.76209706004896
"LS.PX.ENC.M.5",166,"LS.PX.ENC.M.5","Phoenix",0.458621837216637,17066,5.18079648437399,-0.663960198142821,-1.2989511594312,1.46386111369617,1.41735675301878,0.473325112186423,-0.259365162687486,0.508931857537491,-0.154190085070155,-0.108338019055585
"LS.PX.LAP.M.1",167,"LS.PX.LAP.M.1","Phoenix",0.528897529872177,143675,7.40265444261417,0.155135144246823,1.83382122555445,-0.371129597327818,-0.905705543738624,0.389412998069373,-0.302063585818605,-0.883600329475699,0.197159688923164,-0.285487075704523
"LS.PX.LAP.M.2",168,"LS.PX.LAP.M.2","Phoenix",0.392792394648905,16672,6.40844048003851,-0.418250293681578,-1.24042876674167,0.722980513447831,1.42099173891031,-0.561878166336477,-0.582500636313551,0.240265919743794,0.293822932327999,0.0125755201588228
"LS.PX.MAN.M.1",169,"LS.PX.MAN.M.1","Phoenix",0.501679668206892,129175,7.16161813091242,0.00473994306824569,1.86890516468749,0.229949924705574,-0.881172417873858,2.89207625560337,0.0557263268471259,-1.66866391984326,-0.121309478812409,-1.46700208568397
"LS.PX.MAN.M.2",170,"LS.PX.MAN.M.2","Phoenix",0.554446283518809,348769,6.88004250352595,0.371183929424763,5.52036726266879,-2.63606160128019,-7.27045102563478,5.19933354408344,2.49536885027331,-2.36301088167516,-1.24133900401331,-0.92665784943404
"LS.PX.MAN.M.3",171,"LS.PX.MAN.M.3","Phoenix",0.304429094537671,39587,5.4958961462837,0.0149279466370529,0.444621874893506,-0.660590099395665,1.33752480005118,-0.377657912829722,-0.473836363405779,0.0667602485160259,0.226531625293707,-1.04522501836244
"LS.PX.MAN.M.4",172,"LS.PX.MAN.M.4","Phoenix",0.445720991574973,123865,7.39848937969012,0.173208362059878,0.990895339668406,-1.89917509140355,-0.704002681359174,-0.277520696622637,-0.236243930144077,0.0967827335475009,0.237670396147792,1.55349497918356
"LS.PX.MAN.M.5",173,"LS.PX.MAN.M.5","Phoenix",0.518910265091339,152323,7.38450520451019,-0.381416141013447,2.56972417207259,-0.187158420575899,-1.6422773621807,3.14809356303185,0.373578724189056,-1.44192738083479,-0.374868856011339,-1.50198211692748
"LS.PX.MON.U.2",174,"LS.PX.MON.U.2","Phoenix",0.514625183087548,292898,7.76637661389232,0.210097115701652,3.05865219429856,-3.08082713783145,-2.70687296130294,-1.41930766902952,0.522060023581187,0.509789250545798,0.641059023466673,4.12634857946477
"LS.PX.MON.U.3",175,"LS.PX.MON.U.3","Phoenix",0.456327538060752,38652,6.87421727125871,-0.106656907614499,-1.14627196392564,1.0745494870339,1.79363606509095,-0.702969420813706,-0.727767738694351,0.0490716146866123,0.775491607189522,-0.651240244848716
"LS.PX.MON.U.5",176,"LS.PX.MON.U.5","Phoenix",0.40925458959176,22568,6.4236017442539,-0.252726906717042,-1.64470989723507,1.05259697892676,1.89781702817407,-0.301511786314454,-0.331265104439575,0.0236036346344631,0.242934929614003,-0.184327983272486
"LS.PX.MON.U.7",177,"LS.PX.MON.U.7","Phoenix",0.46449866649534,50915,6.92264745328191,0.16028422698581,-1.45046713771241,1.30642583535703,2.14499352143769,-0.73675515343119,-0.947328393314184,0.233206125601842,-0.0899650426229742,-1.44504244026133
"LS.PX.NUE.M.1",178,"LS.PX.NUE.M.1","Phoenix",0.528069749262086,179671,9.22904901652736,-0.410046187479003,-0.812378190957659,1.33439148917469,2.75059350292114,0.850322544733819,-0.512337197120792,-0.280886807462763,-0.146461380394835,-1.86201781162131
"LS.PX.NUE.M.3",179,"LS.PX.NUE.M.3","Phoenix",0.42985445631992,54257,7.51491455112577,-0.635776604050699,-0.894250475188589,0.797520150705423,1.48015974010377,-0.069975450476706,-0.657820797493384,0.593431924337065,0.0280050899718994,0.296505554090248
"LS.PX.PAL.M.3",180,"LS.PX.PAL.M.3","Phoenix",0.395503280225201,7651,2.85728419999656,0.623457893198791,-0.547998672290625,-0.301286449079826,1.06145020974654,-1.09118278641037,0.861060756138042,0.363053670607434,1.00372516729252,0.487674266156759
"LS.PX.PIE.M.2",181,"LS.PX.PIE.M.2","Phoenix",0.459920520576233,36631,5.83991351213117,-0.359956600726216,-0.891859833830874,1.44215965281757,1.18258737688579,-0.426220288923594,-0.279368031159272,0.404079976030352,0.107406122605639,-0.450034974829128
"LS.PX.PIE.M.4",182,"LS.PX.PIE.M.4","Phoenix",0.453836636741726,79859,6.81909609932176,-0.0719944207294821,-1.44125000007749,-0.260265158817034,1.26503240716841,-1.13677116734341,-1.25880138322339,1.05694979827234,-0.0162554421007317,1.12488455592139
"LS.PX.PIE.M.5",183,"LS.PX.PIE.M.5","Phoenix",0.479126311440985,38925,7.22723368342092,-0.0789771545513213,-0.420420441002995,0.70178905115846,1.3709531395672,-0.306942289679646,-0.680167681564104,-0.323686653435305,0.27321645959853,-0.817581985118966
"LS.PX.PKW.U.1",184,"LS.PX.PKW.U.1","Phoenix",0.339723781024779,18340,4.34384818625403,0.538593843413594,-0.368126534872887,0.349426808717578,1.49368522268099,-0.241886096954159,-0.316442852341012,-0.352358680933875,1.25965035227991,0.418878058059644
"LS.PX.PKW.U.5",185,"LS.PX.PKW.U.5","Phoenix",0.470950504632474,96384,7.11515312153028,0.0792534109386756,-0.254901865919213,-1.05032808481494,1.33280088780535,-2.32475208055577,-0.868936800526082,0.211741239326699,0.231042101410737,2.81029330022663
"LS.PX.RPL.U.2",186,"LS.PX.RPL.U.2","Phoenix",0.402838689496901,39515,6.19436463070144,0.230243435847608,-0.702321383710969,-0.720139276321099,1.28353451100412,-1.71041336174888,-0.762112656528047,0.736097758858406,-0.0953088753483809,1.19923764131862
"LS.PX.RPL.U.3",187,"LS.PX.RPL.U.3","Phoenix",0.483624926013634,52011,6.91948860442929,-0.300225351064486,-1.28159002457837,1.03307833770004,1.58993672855441,-1.0063127490815,-0.631886152554554,0.0974130142799235,0.206576529582601,-0.742892938117673
"LS.PX.RPL.U.5",188,"LS.PX.RPL.U.5","Phoenix",0.421667855994821,23849,5.86348640971893,-0.925343925291203,-1.82795797305535,1.59280085348037,0.904214763120868,-0.615369337411434,-0.415173197854483,0.442204358938973,-0.119296791165615,-0.287256877311812
