,filename,species,city,location,land_type,replicate,total_reads,cutsite_not_found,low_quality,retained_reads,total_reads_for_sublibrary,prop_sample_per_library,prop_reads_retained_per_sample,outlier
0,DS.BA.PIK.U.2,DS,BA,PIK,U,2,573714,0,56,573658,80804625,0.007100014,0.999902,Y
0,DS.BA.PIK.U.4,DS,BA,PIK,U,4,354604,0,46,354558,80804625,0.004388412,0.999870,Y
0,DS.BA.PIK.U.5,DS,BA,PIK,U,5,456550,0,49,456501,80804625,0.005650048,0.999893,Y
0,DS.BA.DHI.U.2,DS,BA,DHI,U,2,269188,0,31,269157,80804625,0.003331344,0.999885,Y
0,CD.BA.LA.U.5,CD,BA,LA,U,5,569112,0,67,569045,51217894,0.011111585,0.999882,Y
0,PA.BA.PIK.U.2,PA,BA,PIK,U,2,34816,0,2,34814,51217894,0.000679762,0.999943,Y
0,CD.BA.TRC.U.4,CD,BA,TRC,U,4,246226,0,21,246205,70999844,0.003467979,0.999915,Y
0,TO.BA.WBO.U.1,TO,BA,WBO,U,1,155904,0,12,155892,53535102,0.002912183,0.999923,Y
0,TO.BA.WBO.U.3,TO,BA,WBO,U,3,11910,0,1,11909,53535102,0.000222471,0.999916,Y
0,TO.BA.WBO.U.5,TO,BA,WBO,U,5,396294,0,49,396245,62855778,0.006304814,0.999876,Y
0,CD.BA.LH-2.M.1,CD,BA,LH-2,M,1,53066,0,2,53064,62855778,0.00084425,0.999962,Y
0,EC.BA.LH-2.M.3,EC,BA,LH-2,M,3,97750,0,24,97726,55574200,0.00175891,0.999754,Y
0,EC.BA.LH-2.M.4,EC,BA,LH-2,M,4,207072,0,32,207040,55574200,0.003726046,0.999845,Y
0,EC.BA.LH-2.M.5,EC,BA,LH-2,M,5,136010,0,16,135994,55574200,0.002447359,0.999882,Y
0,DS.BA.GA.U.5,DS,BA,GA,U,5,143406,0,21,143385,83932483,0.001708588,0.999854,Y
0,DS.BA.LH-1.M.3,DS,BA,LH-1,M,3,839690,0,109,839581,83932483,0.010004351,0.999870,Y
0,DS.BA.LH-1.M.5,DS,BA,LH-1,M,5,354230,0,33,354197,83932483,0.004220416,0.999907,Y
0,DS.BA.CP.U.1,DS,BA,CP,U,1,382196,0,62,382134,70641788,0.005410339,0.999838,Y
0,DS.BA.CP.U.3,DS,BA,CP,U,3,345884,0,41,345843,70641788,0.004896309,0.999881,Y
0,DS.BA.CP.U.4,DS,BA,CP,U,4,518738,0,55,518683,70641788,0.007343217,0.999894,Y
0,DS.BA.WB.U.1,DS,BA,WB,U,1,162790,0,22,162768,70641788,0.002304443,0.999865,Y
0,DS.BA.LL-4.M.2,DS,BA,LL-4,M,2,380834,0,40,380794,68321352,0.005574158,0.999895,Y
0,DS.BA.LL-4.M.4,DS,BA,LL-4,M,4,230030,0,24,230006,68321352,0.003366883,0.999896,Y
0,DS.BA.LH-2.M.2,DS,BA,LH-2,M,2,556594,0,72,556522,68321352,0.008146706,0.999871,Y
0,DS.BA.LH-2.M.4,DS,BA,LH-2,M,4,903868,0,108,903760,68321352,0.013229656,0.999881,Y
0,DS.BA.LA.U.4,DS,BA,LA,U,4,899472,0,119,899353,56357888,0.015960002,0.999868,Y
0,DS.BA.TRC.U.1,DS,BA,TRC,U,1,89912,0,18,89894,56357888,0.001595376,0.999800,Y
0,DS.BA.W3.M.1,DS,BA,W3,M,1,379320,0,37,379283,56357888,0.006730557,0.999902,Y
0,DS.BA.W3.M.5,DS,BA,W3,M,5,539484,0,66,539418,59659439,0.009042727,0.999878,Y
0,DS.BA.AA.U.3,DS,BA,AA,U,3,195662,0,22,195640,59659439,0.003279649,0.999888,Y
0,DS.BA.AA.U.5,DS,BA,AA,U,5,581116,0,55,581061,56164590,0.010346661,0.999905,Y
0,DS.BA.RG-1.M.2,DS,BA,RG-1,M,2,256652,0,31,256621,56164590,0.004569641,0.999879,Y
0,DS.BA.RG-1.M.5,DS,BA,RG-1,M,5,498334,0,52,498282,56164590,0.008872743,0.999896,Y
0,DS.BA.LL-3.M.2,DS,BA,LL-3,M,2,978278,0,117,978161,56164590,0.017418056,0.999880,Y
0,DS.BA.PSP.M.1,DS,BA,PSP,M,1,600268,0,60,600208,61903222,0.009696878,0.999900,Y
0,DS.BA.PSP.M.3,DS,BA,PSP,M,3,705418,0,88,705330,61903222,0.011395497,0.999875,Y
0,DS.BA.PSP.M.4,DS,BA,PSP,M,4,433394,0,46,433348,61903222,0.007001154,0.999894,Y
0,DS.BA.RG-2.M.1,DS,BA,RG-2,M,1,252402,0,28,252374,61903222,0.004077365,0.999889,Y
0,CD.BA.LL-4.M.3,CD,BA,LL-4,M,3,466294,0,50,466244,48769864,0.009561109,0.999893,Y
0,CD.BA.LL-4.M.5,CD,BA,LL-4,M,5,204652,0,25,204627,48769864,0.00419628,0.999878,Y
0,TO.MN.L11-TO.M.4,TO,MN,L11-TO,M,4,970060,0,113,969947,47328283,0.020496412,0.999884,Y
0,TO.MN.L01-TO.U.1,TO,MN,L01-TO,U,1,826832,0,88,826744,47328283,0.017470146,0.999894,Y
0,TO.MN.L01-TO.U.3,TO,MN,L01-TO,U,3,48,0,0,48,47328283,1.01419E-06,1.000000,Y
0,DS.MN.L04-DS.M.4,DS,MN,L04-DS,M,4,214330,0,33,214297,61370489,0.003492395,0.999846,Y
0,DS.MN.L05-DS.M.1,DS,MN,L05-DS,M,1,186416,0,29,186387,61370489,0.003037551,0.999844,Y
0,DS.MN.L05-DS.M.2,DS,MN,L05-DS,M,2,819698,0,90,819608,61370489,0.01335655,0.999890,Y
0,DS.MN.L05-DS.M.4,DS,MN,L05-DS,M,4,113942,0,11,113931,61370489,0.001856625,0.999903,Y
0,DS.MN.L06-DS.M.5,DS,MN,L06-DS,M,5,422666,0,50,422616,87012209,0.004857548,0.999882,Y
0,DS.MN.L07-DS.M.2,DS,MN,L07-DS,M,2,155906,0,13,155893,87012209,0.001791772,0.999917,Y
0,DS.MN.L08-DS.M.1,DS,MN,L08-DS,M,1,102896,0,10,102886,87012209,0.001182547,0.999903,Y
0,DS.MN.L08-DS.M.3,DS,MN,L08-DS,M,3,948848,0,100,948748,87012209,0.010904769,0.999895,Y
0,DS.MN.L09-DS.M.4,DS,MN,L09-DS,M,4,253146,0,24,253122,81590747,0.003102631,0.999905,Y
0,DS.MN.L10-DS.M.1,DS,MN,L10-DS,M,1,508802,0,65,508737,81590747,0.006236026,0.999872,Y
0,DS.MN.L10-DS.M.2,DS,MN,L10-DS,M,2,549400,0,68,549332,81590747,0.006733607,0.999876,Y
0,DS.MN.L10-DS.M.4,DS,MN,L10-DS,M,4,191142,0,26,191116,81590747,0.002342692,0.999864,Y
0,DS.MN.L12-DS.M.1,DS,MN,L12-DS,M,1,727212,0,92,727120,66453007,0.010943252,0.999873,Y
0,DS.MN.L12-DS.M.3,DS,MN,L12-DS,M,3,358608,0,29,358579,66453007,0.005396415,0.999919,Y
0,DS.MN.L12-DS.M.4,DS,MN,L12-DS,M,4,725524,0,68,725456,66453007,0.010917851,0.999906,Y
0,DS.MN.L01-DS.U.1,DS,MN,L01-DS,U,1,181684,0,22,181662,66453007,0.002734022,0.999879,Y
0,DS.MN.L01-DS.U.5,DS,MN,L01-DS,U,5,229640,0,16,229624,56193011,0.004086629,0.999930,Y
0,DS.MN.L02-DS.U.5,DS,MN,L02-DS,U,5,416302,0,47,416255,56193011,0.00740843,0.999887,Y
0,TO.MN.L02-TO.U.5,TO,MN,L02-TO,U,5,461024,0,43,460981,46686946,0.009874795,0.999907,Y
0,TO.MN.L03-TO.U.1,TO,MN,L03-TO,U,1,786488,0,97,786391,46686946,0.016845994,0.999877,Y
0,TO.MN.L03-TO.U.2,TO,MN,L03-TO,U,2,345842,0,51,345791,46686946,0.007407681,0.999853,Y
0,TO.MN.L04-TO.U.2,TO,MN,L04-TO,U,2,998694,0,87,998607,60238573,0.016578978,0.999913,Y
0,TO.MN.L04-TO.U.4,TO,MN,L04-TO,U,4,359530,0,59,359471,60238573,0.005968435,0.999836,Y
0,TO.MN.L06-TO.U.1,TO,MN,L06-TO,U,1,358636,0,46,358590,49736498,0.007210721,0.999872,Y
0,TO.MN.L07-TO.U.4,TO,MN,L07-TO,U,4,648536,0,97,648439,54934827,0.011805553,0.999850,Y
0,TO.MN.L08-TO.U.1,TO,MN,L08-TO,U,1,295104,0,25,295079,54934827,0.005371893,0.999915,Y
0,TO.MN.L09-TO.U.1,TO,MN,L09-TO,U,1,438676,0,56,438620,46993313,0.00933486,0.999872,Y
0,TO.MN.L09-TO.U.3,TO,MN,L09-TO,U,3,54690,0,7,54683,46993313,0.001163783,0.999872,Y
0,TO.MN.L10-TO.U.5,TO,MN,L10-TO,U,5,336652,0,40,336612,58700599,0.005735069,0.999881,Y
0,TO.MN.L11-TO.U.2,TO,MN,L11-TO,U,2,722344,0,77,722267,58700599,0.012305564,0.999893,Y
0,TO.MN.L11-TO.U.5,TO,MN,L11-TO,U,5,360660,0,30,360630,61748404,0.005840799,0.999917,Y
0,DS.MN.L01-DS.M.4,DS,MN,L01-DS,M,4,34518,0,4,34514,61748404,0.00055901,0.999884,Y
0,DS.MN.L02-DS.M.1,DS,MN,L02-DS,M,1,644128,0,98,644030,86910689,0.007411378,0.999848,Y
0,DS.MN.L02-DS.M.3,DS,MN,L02-DS,M,3,74282,0,10,74272,86910689,0.000854693,0.999865,Y
0,DS.MN.L03-DS.M.3,DS,MN,L03-DS,M,3,983542,0,101,983441,86910689,0.011316698,0.999897,Y
0,DS.MN.L04-DS.U.1,DS,MN,L04-DS,U,1,234340,0,20,234320,54014969,0.004338427,0.999915,Y
0,DS.MN.L04-DS.U.3,DS,MN,L04-DS,U,3,900418,0,91,900327,54014969,0.016669786,0.999899,Y
0,LS.MN.L06-LS.U.1,LS,MN,L06-LS,U,1,339170,0,44,339126,69445011,0.004884008,0.999870,Y
0,LS.MN.L06-LS.U.3,LS,MN,L06-LS,U,3,98510,0,10,98500,69445011,0.001418532,0.999898,Y
0,LS.MN.L07-LS.U.1,LS,MN,L07-LS,U,1,565048,0,80,564968,69445011,0.008136625,0.999858,Y
0,LS.MN.L07-LS.U.3,LS,MN,L07-LS,U,3,681640,0,82,681558,69445011,0.009815536,0.999880,Y
0,LS.MN.L08-LS.U.4,LS,MN,L08-LS,U,4,282516,0,27,282489,62548589,0.004516745,0.999904,Y
0,LS.MN.L09-LS.U.1,LS,MN,L09-LS,U,1,259700,0,37,259663,62548589,0.004151972,0.999858,Y
0,LS.MN.L09-LS.U.2,LS,MN,L09-LS,U,2,713256,0,88,713168,62548589,0.011403231,0.999877,Y
0,LS.MN.L09-LS.U.4,LS,MN,L09-LS,U,4,130426,0,11,130415,62548589,0.002085195,0.999916,Y
0,LS.MN.L11-LS.U.2,LS,MN,L11-LS,U,2,29680,0,0,29680,53470550,0.000555072,1.000000,Y
0,LS.MN.L11-LS.U.3,LS,MN,L11-LS,U,3,296612,0,34,296578,53470550,0.005547203,0.999885,Y
0,LS.MN.L11-LS.U.4,LS,MN,L11-LS,U,4,6098,0,0,6098,53470550,0.000114044,1.000000,Y
0,LS.MN.L11-LS.U.5,LS,MN,L11-LS,U,5,482680,0,71,482609,53470550,0.009027025,0.999853,Y
0,CD.PX.CAM.U.2,CD,PX,CAM,U,2,887746,0,81,887665,53470550,0.016602522,0.999909,Y
0,CD.PX.CAM.U.4,CD,PX,CAM,U,4,485784,0,50,485734,53470550,0.009085076,0.999897,Y
0,LS.PX.MON.U.1,LS,PX,MON,U,1,160274,0,14,160260,69102464,0.002319367,0.999913,Y
0,LS.PX.MON.U.4,LS,PX,MON,U,4,309320,0,36,309284,69102464,0.004476251,0.999884,Y
0,LS.PX.MON.U.6,LS,PX,MON,U,6,343454,0,33,343421,69102464,0.004970214,0.999904,Y
0,CD.PX.MON.U.1,CD,PX,MON,U,1,952858,0,110,952748,61483712,0.015497731,0.999885,Y
0,CD.PX.MON.U.3,CD,PX,MON,U,3,999332,0,107,999225,61483712,0.016253606,0.999893,Y
0,CD.PX.PKW.U.1,CD,PX,PKW,U,1,420600,0,43,420557,61483712,0.006840836,0.999898,Y
0,DS.MN.L05-DS.U.3,DS,MN,L05-DS,U,3,758708,0,73,758635,51124212,0.014840483,0.999904,Y
0,DS.MN.L05-DS.U.5,DS,MN,L05-DS,U,5,82860,0,6,82854,51124212,0.001620758,0.999928,Y
0,DS.MN.L07-DS.U.2,DS,MN,L07-DS,U,2,655342,0,72,655270,49214570,0.013316016,0.999890,Y
0,DS.MN.L07-DS.U.4,DS,MN,L07-DS,U,4,327068,0,36,327032,49214570,0.006645756,0.999890,Y
0,DS.MN.L08-DS.U.4,DS,MN,L08-DS,U,4,323800,0,36,323764,51729989,0.006259425,0.999889,Y
0,DS.MN.L09-DS.U.1,DS,MN,L09-DS,U,1,36498,0,4,36494,51729989,0.000705548,0.999890,Y
0,DS.MN.L10-DS.U.2,DS,MN,L10-DS,U,2,418754,0,57,418697,49423598,0.008472754,0.999864,Y
0,DS.MN.L10-DS.U.4,DS,MN,L10-DS,U,4,95826,0,13,95813,49423598,0.001938871,0.999864,Y
0,PA.MN.L01-TO_PA.M.1,PA,MN,L01-TO_PA,M,1,218732,0,24,218708,54538834,0.004010573,0.999890,Y
0,PA.MN.L01-TO_PA.M.2,PA,MN,L01-TO_PA,M,2,642064,0,62,642002,54538834,0.011772602,0.999903,Y
0,PA.MN.L01-TO_PA.M.3,PA,MN,L01-TO_PA,M,3,728174,0,81,728093,54538834,0.013351477,0.999889,Y
0,LS.MN.L01-LS.M.3,LS,MN,L01-LS,M,3,489254,0,44,489210,68833077,0.007107833,0.999910,Y
0,LS.MN.L01-LS.M.5,LS,MN,L01-LS,M,5,40462,0,4,40458,68833077,0.000587828,0.999901,Y
0,LS.MN.L01-LS.U.5,LS,MN,L01-LS,U,5,125446,0,15,125431,51377193,0.002441667,0.999880,Y
0,LS.MN.L02-LS.U.2,LS,MN,L02-LS,U,2,415362,0,36,415326,51377193,0.00808456,0.999913,Y
0,LS.MN.L02-LS.U.3,LS,MN,L02-LS,U,3,799382,0,104,799278,51377193,0.015559083,0.999870,Y
0,LS.MN.L02-LS.U.4,LS,MN,L02-LS,U,4,5396,0,1,5395,51377193,0.000105027,0.999815,Y
0,LS.MN.L02-LS.U.5,LS,MN,L02-LS,U,5,476,0,0,476,45650487,1.04271E-05,1.000000,Y
0,LS.MN.L03-LS.U.1,LS,MN,L03-LS,U,1,533424,0,59,533365,45650487,0.011684957,0.999889,Y
0,LS.MN.L03-LS.U.3,LS,MN,L03-LS,U,3,6082,0,0,6082,45650487,0.00013323,1.000000,Y
0,LS.MN.L04-LS.U.1,LS,MN,L04-LS,U,1,743856,0,80,743776,45650487,0.016294591,0.999892,Y
0,LS.MN.L04-LS.U.3,LS,MN,L04-LS,U,3,498414,0,65,498349,45650487,0.010918043,0.999870,Y
0,LS.PX.PKW.U.2,LS,PX,PKW,U,2,60368,0,8,60360,64463929,0.000936462,0.999867,Y
0,LS.PX.PKW.U.4,LS,PX,PKW,U,4,51004,0,3,51001,64463929,0.000791202,0.999941,Y
0,EC.PX.BUF.M.2,EC,PX,BUF,M,2,297306,0,32,297274,128621666,0.002311477,0.999892,Y
0,EC.PX.BUF.M.4,EC,PX,BUF,M,4,852326,0,90,852236,128621666,0.006626613,0.999894,Y
0,EC.PX.BUF.M.5,EC,PX,BUF,M,5,792624,0,91,792533,128621666,0.006162445,0.999885,Y
0,CD.PX.BUF.M.4,CD,PX,BUF,M,4,166122,0,22,166100,86112066,0.001929137,0.999868,Y
0,LS.PX.BUF.M.1,LS,PX,BUF,M,1,102060,0,13,102047,86112066,0.0011852,0.999873,Y
0,LS.PX.BUF.M.2,LS,PX,BUF,M,2,208218,0,18,208200,86112066,0.002417989,0.999914,Y
0,LS.PX.BUF.M.3,LS,PX,BUF,M,3,50704,0,4,50700,86112066,0.000588814,0.999921,Y
0,DS.PX.PIE.M.5,DS,PX,PIE,M,5,244278,0,26,244252,81546899,0.002995552,0.999894,Y
0,LS.PX.PIE.M.1,LS,PX,PIE,M,1,285036,0,28,285008,81546899,0.003495363,0.999902,Y
0,LS.PX.PIE.M.3,LS,PX,PIE,M,3,44994,0,6,44988,81546899,0.000551756,0.999867,Y
0,PA.PX.PIE.M.5,PA,PX,PIE,M,5,969572,0,112,969460,62954635,0.015401122,0.999884,Y
0,TO.PX.PIE.M.1,TO,PX,PIE,M,1,659080,0,84,658996,62954635,0.010469126,0.999873,Y
0,EC.PX.PIE.M.1,EC,PX,PIE,M,1,315978,0,37,315941,62954635,0.005019138,0.999883,Y
0,PA.PX.LAP.M.3,PA,PX,LAP,M,3,572624,0,49,572575,62954635,0.00909582,0.999914,Y
0,CD.PX.LAP.M.2,CD,PX,LAP,M,2,463624,0,59,463565,62602478,0.007405841,0.999873,Y
0,TO.PX.LAP.M.1,TO,PX,LAP,M,1,768070,0,107,767963,62602478,0.012269003,0.999861,Y
0,TO.PX.LAP.M.2,TO,PX,LAP,M,2,230690,0,23,230667,62602478,0.003684998,0.999900,Y
0,CD.PX.RRT.U.1,CD,PX,RRT,U,1,214400,0,32,214368,55892731,0.003835919,0.999851,Y
0,CD.PX.RRT.U.3,CD,PX,RRT,U,3,812222,0,102,812120,55892731,0.0145318,0.999874,Y
0,CD.PX.ALA.M.3,CD,PX,ALA,M,3,651558,0,63,651495,51106463,0.012749033,0.999903,Y
0,CD.PX.ALA.M.5,CD,PX,ALA,M,5,55542,0,13,55529,51106463,0.00108679,0.999766,Y
0,LS.PX.ALA.M.1,LS,PX,ALA,M,1,612334,0,77,612257,51106463,0.011981537,0.999874,Y
0,TO.PX.ALA.M.1,TO,PX,ALA,M,1,535876,0,60,535816,61258063,0.008747844,0.999888,Y
0,PA.PX.ALA.M.4,PA,PX,ALA,M,4,643168,0,68,643100,55300858,0.011630344,0.999894,Y
0,EC.PX.ALA.M.1,EC,PX,ALA,M,1,787294,0,80,787214,55300858,0.01423656,0.999898,Y
0,EC.PX.ALA.M.4,EC,PX,ALA,M,4,969894,0,81,969813,64439056,0.015051338,0.999916,Y
0,CD.PX.PAL.M.2,CD,PX,PAL,M,2,408172,0,56,408116,64439056,0.006334233,0.999863,Y
0,LS.PX.PAL.M.4,LS,PX,PAL,M,4,226666,0,21,226645,69863464,0.003244414,0.999907,Y
0,DS.PX.MTN.M.1,DS,PX,MTN,M,1,720934,0,93,720841,71065601,0.010144627,0.999871,Y
0,DS.PX.MTN.M.3,DS,PX,MTN,M,3,140932,0,11,140921,71065601,0.001983125,0.999922,Y
0,EC.PX.MTN.M.1,EC,PX,MTN,M,1,167366,0,9,167357,79528001,0.002104491,0.999946,Y
0,EC.PX.MTN.M.4,EC,PX,MTN,M,4,303240,0,31,303209,79528001,0.003812997,0.999898,Y
0,EC.PX.MTN.M.5,EC,PX,MTN,M,5,490148,0,59,490089,79528001,0.006163213,0.999880,Y
0,CD.PX.MTN.M.1,CD,PX,MTN,M,1,914886,0,102,914784,79528001,0.011503948,0.999889,Y
0,TO.PX.LAP.M.5,TO,PX,LAP,M,5,866156,0,98,866058,60904779,0.014221478,0.999887,Y
0,DS.PX.LAP.M.4,DS,PX,LAP,M,4,154564,0,18,154546,60904779,0.002537798,0.999884,Y
0,LS.PX.NUE.M.5,LS,PX,NUE,M,5,310096,0,32,310064,56017175,0.005535731,0.999897,Y
0,CD.PX.NUE.M.1,CD,PX,NUE,M,1,110912,0,8,110904,56017175,0.001979964,0.999928,Y
0,CD.PX.NUE.M.3,CD,PX,NUE,M,3,265612,0,29,265583,56017175,0.004741617,0.999891,Y
0,CD.PX.NUE.M.4,CD,PX,NUE,M,4,441164,0,53,441111,56017175,0.007875513,0.999880,Y
0,DS.PX.NUE.M.1,DS,PX,NUE,M,1,98998,0,12,98986,56017175,0.001767279,0.999879,Y
0,DS.PX.NUE.M.3,DS,PX,NUE,M,3,702122,0,75,702047,87303263,0.008042334,0.999893,Y
0,EC.PX.NUE.M.1,EC,PX,NUE,M,1,221794,0,38,221756,87303263,0.002540501,0.999829,Y
0,PA.PX.DF1.M.1,PA,PX,DF1,M,1,577422,0,56,577366,64562580,0.008943602,0.999903,Y
0,PA.PX.DF1.M.3,PA,PX,DF1,M,3,626980,0,73,626907,64562580,0.009711198,0.999884,Y
0,PA.PX.DF1.M.4,PA,PX,DF1,M,4,354106,0,48,354058,64562580,0.005484694,0.999864,Y
0,CD.PX.DF1.M.1,CD,PX,DF1,M,1,623398,0,62,623336,64562580,0.009655717,0.999901,Y
0,TO.PX.WES.M.3,TO,PX,WES,M,3,215016,0,24,214992,57423880,0.003744366,0.999888,Y
0,TO.PX.WES.M.4,TO,PX,WES,M,4,584514,0,70,584444,57423880,0.010178936,0.999880,Y
0,TO.PX.WES.M.5,TO,PX,WES,M,5,219710,0,22,219688,57423880,0.003826109,0.999900,Y
0,EC.PX.WES.M.5,EC,PX,WES,M,5,424222,0,44,424178,55110467,0.007697667,0.999896,Y
0,CD.PX.WES.M.2,CD,PX,WES,M,2,209962,0,19,209943,55110467,0.003809839,0.999910,Y
0,DS.PX.WES.M.4,DS,PX,WES,M,4,523592,0,57,523535,54524524,0.009602872,0.999891,Y
0,DS.PX.MAN.M.1,DS,PX,MAN,M,1,518576,0,67,518509,54524524,0.009510876,0.999871,Y
0,EC.PX.MAN.M.2,EC,PX,MAN,M,2,301434,0,38,301396,56290346,0.005354986,0.999874,Y
0,EC.PX.MAN.M.3,EC,PX,MAN,M,3,816156,0,94,816062,56290346,0.01449904,0.999885,Y
0,EC.PX.MAN.M.5,EC,PX,MAN,M,5,27916,0,7,27909,56290346,0.000495929,0.999749,Y
0,CD.PX.CLA.M.5,CD,PX,CLA,M,5,204068,0,48,204020,47689595,0.004279089,0.999765,Y
0,PA.PX.CLA.M.1,PA,PX,CLA,M,1,868756,0,104,868652,47689595,0.018216888,0.999880,Y
0,LS.PX.CLA.M.1,LS,PX,CLA,M,1,55506,0,3,55503,47689595,0.001163902,0.999946,Y
0,LS.PX.CLA.M.2,LS,PX,CLA,M,2,724788,0,86,724702,59017095,0.012280984,0.999881,Y
0,TO.PX.CLA.M.2,TO,PX,CLA,M,2,634024,0,70,633954,59017095,0.010743057,0.999890,Y
0,CD.PX.PSC.M.2,CD,PX,PSC,M,2,958784,0,113,958671,59017095,0.016245869,0.999882,Y
0,CD.PX.PSC.M.4,CD,PX,PSC,M,4,167842,0,18,167824,59017095,0.002843956,0.999893,Y
0,EC.PX.PSC.M.3,EC,PX,PSC,M,3,245578,0,41,245537,62321702,0.003940489,0.999833,Y
0,LS.PX.NUE.M.2,LS,PX,NUE,M,2,428988,0,44,428944,62321702,0.006883445,0.999897,Y
0,LS.PX.NUE.M.4,LS,PX,NUE,M,4,441088,0,50,441038,62321702,0.007077599,0.999887,Y
0,EC.PX.DF1.M.3,EC,PX,DF1,M,3,799802,0,113,799689,58414898,0.013691747,0.999859,Y
0,EC.PX.DF1.M.4,EC,PX,DF1,M,4,740026,0,82,739944,58414898,0.012668446,0.999889,Y
0,EC.PX.DF1.M.5,EC,PX,DF1,M,5,454106,0,38,454068,58414898,0.007773805,0.999916,Y
0,CD.PX.COY.M.3,CD,PX,COY,M,3,52622,0,14,52608,43314724,0.001214876,0.999734,Y
0,CD.PX.NET.U.1,CD,PX,NET,U,1,844532,0,88,844444,43314724,0.019497573,0.999896,Y
0,CD.PX.NET.U.3,CD,PX,NET,U,3,48,0,0,48,43314724,1.10817E-06,1.000000,Y
0,CD.PX.NET.U.5,CD,PX,NET,U,5,732170,0,88,732082,73000716,0.010029628,0.999880,Y
0,LS.PX.NTH.M.1,LS,PX,NTH,M,1,831640,0,98,831542,73000716,0.011392217,0.999882,Y
0,LS.PX.NTH.M.2,LS,PX,NTH,M,2,179224,0,22,179202,73000716,0.002455099,0.999877,Y
0,LS.PX.NTH.M.3,LS,PX,NTH,M,3,25974,0,1,25973,73000716,0.000355805,0.999961,Y
0,CD.PX.RPC.M.2,CD,PX,RPC,M,2,616932,0,65,616867,73000716,0.00845104,0.999895,Y
0,LS.PX.RPL.U.1,LS,PX,RPL,U,1,92132,0,12,92120,64970729,0.001418054,0.999870,Y
0,LS.PX.RPL.U.4,LS,PX,RPL,U,4,144398,0,23,144375,64970729,0.002222509,0.999841,Y
0,PA.PX.RPP.U.4,PA,PX,RPP,U,4,97094,0,11,97083,32562816,0.002981745,0.999887,Y
0,TO.PX.DF1.M.2,TO,PX,DF1,M,2,400506,0,41,400465,57477616,0.006968034,0.999898,Y
0,DS.PX.DF2.M.4,DS,PX,DF2,M,4,109624,0,12,109612,57477616,0.001907247,0.999891,Y
0,LS.PX.DF2.M.1,LS,PX,DF2,M,1,693868,0,67,693801,57477616,0.012071969,0.999903,Y
0,LS.PX.DF2.M.2,LS,PX,DF2,M,2,885592,0,131,885461,55672462,0.015907182,0.999852,Y
0,CD.PX.ENC.M.4,CD,PX,ENC,M,4,544640,0,59,544581,55672462,0.009782934,0.999892,Y
0,PA.PX.ENC.M.1,PA,PX,ENC,M,1,922722,0,88,922634,55672462,0.016574119,0.999905,Y
0,LS.PX.ENC.M.1,LS,PX,ENC,M,1,225758,0,22,225736,62893881,0.003589507,0.999903,Y
0,LS.PX.ENC.M.3,LS,PX,ENC,M,3,50056,0,4,50052,62893881,0.00079588,0.999920,Y
0,LS.PX.DOW.M.1,LS,PX,DOW,M,1,8780,0,1,8779,58191043,0.000150882,0.999886,Y
0,LS.PX.DOW.M.5,LS,PX,DOW,M,5,181594,0,27,181567,65166517,0.002786615,0.999851,Y
0,EC.PX.DOW.M.5,EC,PX,DOW,M,5,802228,0,117,802111,62869089,0.012760293,0.999854,Y
0,LS.PX.COY.M.1,LS,PX,COY,M,1,873850,0,93,873757,62869089,0.013899517,0.999894,Y
0,LS.PX.COY.M.2,LS,PX,COY,M,2,23964,0,8,23956,62869089,0.000381173,0.999666,Y
0,EC.PX.COY.M.4,EC,PX,COY,M,4,671598,0,90,671508,57127677,0.011756088,0.999866,Y
0,EC.PX.COY.M.6,EC,PX,COY,M,6,549352,0,51,549301,57127677,0.009616215,0.999907,Y
0,TO.PX.COY.M.2,TO,PX,COY,M,2,580252,0,81,580171,51854414,0.011190021,0.999860,Y
0,TO.PX.COY.M.4,TO,PX,COY,M,4,367116,0,34,367082,51854414,0.007079744,0.999907,Y
0,TO.PX.COY.M.5,TO,PX,COY,M,5,277516,0,19,277497,51854414,0.00535183,0.999932,Y
0,TO.PX.COY.M.7,TO,PX,COY,M,7,116564,0,20,116544,51854414,0.002247909,0.999828,Y
0,CD.BA.PIK.U.3,CD,BA,PIK,U,3,199906,0,18,199888,92154517,0.002169248,0.999910,Y
0,EC.BA.WBO.U.1,EC,BA,WBO,U,1,216166,0,22,216144,92154517,0.002345691,0.999898,Y
0,EC.BA.WBO.U.2,EC,BA,WBO,U,2,583786,0,58,583728,92154517,0.00633486,0.999901,Y
0,EC.BA.WBO.U.3,EC,BA,WBO,U,3,161060,0,17,161043,92154517,0.001747717,0.999894,Y
0,LS.BA.WB.U.4,LS,BA,WB,U,4,282262,0,27,282235,64097243,0.004403653,0.999904,Y
0,CD.BA.CP.U.1,CD,BA,CP,U,1,427620,0,51,427569,56969085,0.007506176,0.999881,Y
0,CD.BA.CP.U.3,CD,BA,CP,U,3,79074,0,2,79072,56969085,0.001388016,0.999975,Y
0,TO.BA.CP.U.5,TO,BA,CP,U,5,238946,0,23,238923,48518859,0.004924807,0.999904,Y
0,TO.BA.FH.U.3,TO,BA,FH,U,3,571354,0,64,571290,69878891,0.008176346,0.999888,Y
0,PA.BA.WB.U.5,PA,BA,WB,U,5,798428,0,107,798321,49605300,0.016095619,0.999866,Y
0,CD.BA.FH.U.2,CD,BA,FH,U,2,61124,0,4,61120,49605300,0.001232207,0.999935,Y
0,LS.BA.LA.U.4,LS,BA,LA,U,4,488436,0,55,488381,74409858,0.00656413,0.999887,Y
0,LS.BA.LA.U.5,LS,BA,LA,U,5,41684,0,1,41683,74409858,0.000560195,0.999976,Y
0,CD.BA.PSP.M.2,CD,BA,PSP,M,2,425704,0,37,425667,74409858,0.00572107,0.999913,Y
0,CD.BA.PSP.M.3,CD,BA,PSP,M,3,994560,0,122,994438,74409858,0.013365971,0.999877,Y
0,CD.BA.PSP.M.5,CD,BA,PSP,M,5,841150,0,82,841068,74409858,0.011304282,0.999903,Y
0,TO.BA.LH-3.M.1,TO,BA,LH-3,M,1,185946,0,14,185932,79298889,0.002344875,0.999925,Y
0,TO.BA.LH-3.M.3,TO,BA,LH-3,M,3,102056,0,13,102043,79298889,0.001286979,0.999873,Y
0,EC.BA.CP.U.1,EC,BA,CP,U,1,20254,0,3,20251,79298889,0.000255413,0.999852,Y
0,EC.BA.CP.U.3,EC,BA,CP,U,3,692060,0,77,691983,79298889,0.008727235,0.999889,Y
0,TO.BA.AA.U.4,TO,BA,AA,U,4,408558,0,65,408493,84324103,0.004845092,0.999841,Y
0,LS.BA.TRC.U.1,LS,BA,TRC,U,1,396208,0,66,396142,84324103,0.004698633,0.999833,Y
0,TO.BA.TRC.U.4,TO,BA,TRC,U,4,575684,0,84,575600,64392576,0.008940223,0.999854,Y
0,TO.BA.TRC.U.5,TO,BA,TRC,U,5,46630,0,3,46627,64392576,0.000724152,0.999936,Y
0,CD.BA.AA.U.2,CD,BA,AA,U,2,936642,0,93,936549,64392576,0.014545807,0.999901,Y
0,CD.BA.AA.U.5,CD,BA,AA,U,5,221726,0,32,221694,64392576,0.003443347,0.999856,Y
0,TO.BA.WGP.M.2,TO,BA,WGP,M,2,246774,0,29,246745,41689606,0.005919317,0.999882,Y
0,TO.BA.WGP.M.4,TO,BA,WGP,M,4,39114,0,3,39111,41689606,0.000938219,0.999923,Y
0,TO.BA.LL-4.M.1,TO,BA,LL-4,M,1,80320,0,7,80313,48337955,0.001661634,0.999913,Y
0,TO.BA.LL-4.M.2,TO,BA,LL-4,M,2,402208,0,75,402133,48337955,0.008320749,0.999814,Y
0,TO.BA.LL-4.M.3,TO,BA,LL-4,M,3,123542,0,16,123526,48337955,0.002555797,0.999870,Y
0,TO.BA.LL-4.M.4,TO,BA,LL-4,M,4,61664,0,14,61650,48337955,0.001275685,0.999773,Y
0,TO.BA.LL-4.M.5,TO,BA,LL-4,M,5,425712,0,59,425653,48337955,0.008806992,0.999861,Y
0,PA.BA.LL-4.M.5,PA,BA,LL-4,M,5,558790,0,87,558703,62253435,0.008976051,0.999844,Y
0,EC.BA.LL-4.M.3,EC,BA,LL-4,M,3,286084,0,27,286057,62253435,0.004595473,0.999906,Y
0,EC.BA.LL-4.M.5,EC,BA,LL-4,M,5,149626,0,20,149606,62253435,0.002403498,0.999866,Y
0,TO.BA.WB.U.3,TO,BA,WB,U,3,565308,0,67,565241,54931058,0.010291227,0.999881,Y
0,TO.BA.WB.U.5,TO,BA,WB,U,5,789036,0,82,788954,54931058,0.014364114,0.999896,Y
0,EC.BA.WB.U.2,EC,BA,WB,U,2,71928,0,7,71921,54931058,0.001309423,0.999903,Y
0,LS.BA.FH.U.1,LS,BA,FH,U,1,367970,0,48,367922,61261040,0.006006591,0.999870,Y
0,LS.BA.FH.U.2,LS,BA,FH,U,2,130100,0,18,130082,61261040,0.002123699,0.999862,Y
0,LS.BA.FH.U.3,LS,BA,FH,U,3,27458,0,1,27457,61261040,0.000448213,0.999964,Y
0,LS.BA.FH.U.4,LS,BA,FH,U,4,849320,0,85,849235,61261040,0.01386395,0.999900,Y
0,LS.BA.FH.U.5,LS,BA,FH,U,5,46388,0,2,46386,61261040,0.000757219,0.999957,Y
0,LS.BA.DHI.U.1,LS,BA,DHI,U,1,658478,0,91,658387,61261040,0.010748724,0.999862,Y
0,LS.BA.GA.U.2,LS,BA,GA,U,2,109084,0,8,109076,55802660,0.001954817,0.999927,Y
0,LS.BA.GA.U.4,LS,BA,GA,U,4,4024,0,0,4024,23240,0.173149742,1.000000,Y
0,LS.BA.GA.U.5,LS,BA,GA,U,5,1712,0,0,1712,23240,0.073666093,1.000000,Y
0,PA.BA.PSP.M.1,PA,BA,PSP,M,1,1760,0,0,1760,23240,0.075731497,1.000000,Y
0,PA.BA.PSP.M.2,PA,BA,PSP,M,2,4204,0,0,4204,23240,0.180895009,1.000000,Y
0,PA.BA.PSP.M.3,PA,BA,PSP,M,3,8634,0,0,8634,23240,0.37151463,1.000000,Y
0,PA.BA.PSP.M.4,PA,BA,PSP,M,4,760,0,0,760,23240,0.032702238,1.000000,Y
0,PA.BA.PSP.M.5,PA,BA,PSP,M,5,1412,0,0,1412,23240,0.060757315,1.000000,Y
0,CD.BA.DHI.U.1,CD,BA,DHI,U,1,734,0,0,734,23240,0.031583477,1.000000,Y
0,CD.BA.DHI.U.2,CD,BA,DHI,U,2,11796,0,3,11793,31445,0.375131181,0.999746,Y
0,CD.BA.DHI.U.3,CD,BA,DHI,U,3,6528,0,3,6525,31445,0.207600572,0.999540,Y
0,CD.BA.DHI.U.4,CD,BA,DHI,U,4,2084,0,0,2084,31445,0.066274447,1.000000,Y
0,CD.BA.DHI.U.5,CD,BA,DHI,U,5,7234,0,3,7231,31445,0.230052473,0.999585,Y
0,TO.BA.DHI.U.1,TO,BA,DHI,U,1,422,0,0,422,31445,0.013420258,1.000000,Y
0,TO.BA.DHI.U.2,TO,BA,DHI,U,2,2160,0,0,2160,31445,0.068691366,1.000000,Y
0,TO.BA.DHI.U.3,TO,BA,DHI,U,3,32,0,0,32,31445,0.00101765,1.000000,Y
0,TO.BA.DHI.U.4,TO,BA,DHI,U,4,1198,0,0,1198,31445,0.038098267,1.000000,Y
0,LS.BA.PIK.U.4,LS,BA,PIK,U,4,207380,0,27,207353,49254844,0.004210347,0.999870,Y
0,TO.BA.PIK.U.1,TO,BA,PIK,U,1,604262,0,68,604194,49254844,0.012268073,0.999887,Y
0,CD.BA.RG-1.M.3,CD,BA,RG-1,M,3,693726,0,88,693638,56048839,0.01237717,0.999873,Y
0,LS.BA.CP.U.1,LS,BA,CP,U,1,366792,0,39,366753,90171417,0.004067719,0.999894,Y
0,LS.BA.CP.U.3,LS,BA,CP,U,3,442526,0,45,442481,90171417,0.004907608,0.999898,Y
0,LS.BA.ML.U.1,LS,BA,ML,U,1,601480,0,74,601406,90171417,0.006670406,0.999877,Y
0,LS.BA.ML.U.3,LS,BA,ML,U,3,638342,0,92,638250,90171417,0.007079206,0.999856,Y
0,TO.BA.ML.U.4,TO,BA,ML,U,4,811460,0,111,811349,72248024,0.011231587,0.999863,Y
0,EC.BA.PIK.U.1,EC,BA,PIK,U,1,422458,0,47,422411,72248024,0.005847329,0.999889,Y
0,EC.BA.PIK.U.4,EC,BA,PIK,U,4,23826,0,3,23823,72248024,0.000329781,0.999874,Y
0,TO.BA.LH-2.M.5,TO,BA,LH-2,M,5,66928,0,2,66926,69117528,0.000968322,0.999970,Y
0,CD.BA.W3.M.2,CD,BA,W3,M,2,117370,0,6,117364,69117528,0.001698122,0.999949,Y
0,TO.BA.LA.U.1,TO,BA,LA,U,1,533834,0,60,533774,69117528,0.007723569,0.999888,Y
0,TO.BA.LA.U.2,TO,BA,LA,U,2,72784,0,6,72778,69117528,0.001053047,0.999918,Y
0,TO.BA.LA.U.3,TO,BA,LA,U,3,856370,0,76,856294,69117528,0.012390055,0.999911,Y
0,PA.BA.LA.U.4,PA,BA,LA,U,4,507840,0,48,507792,74098506,0.006853579,0.999905,Y
0,EC.BA.LH-3.M.2,EC,BA,LH-3,M,2,210864,0,15,210849,74098506,0.002845725,0.999929,Y
0,EC.BA.LH-3.M.3,EC,BA,LH-3,M,3,647420,0,77,647343,74098506,0.008737288,0.999881,Y
0,EC.BA.LH-3.M.4,EC,BA,LH-3,M,4,230958,0,24,230934,74098506,0.003116905,0.999896,Y
0,PA.BA.W3.M.1,PA,BA,W3,M,1,928198,0,122,928076,60920538,0.015236208,0.999869,Y
0,PA.BA.W3.M.5,PA,BA,W3,M,5,170224,0,25,170199,50880761,0.003345547,0.999853,Y
0,TO.BA.PSP.M.3,TO,BA,PSP,M,3,192652,0,42,192610,50880761,0.003786343,0.999782,Y
0,TO.BA.PSP.M.5,TO,BA,PSP,M,5,176022,0,20,176002,50880761,0.0034595,0.999886,Y
0,EC.BA.PSP.M.2,EC,BA,PSP,M,2,260818,0,28,260790,72067799,0.003619064,0.999893,Y
0,EC.BA.PSP.M.3,EC,BA,PSP,M,3,1564,0,0,1564,72067799,2.17018E-05,1.000000,Y
0,TO.BA.W3.M.1,TO,BA,W3,M,1,572254,0,76,572178,72067799,0.007940495,0.999867,Y
0,TO.BA.RG-1.M.1,TO,BA,RG-1,M,1,58022,0,12,58010,60577660,0.000957812,0.999793,Y
0,TO.BA.RG-1.M.3,TO,BA,RG-1,M,3,49422,0,4,49418,60577660,0.000815845,0.999919,Y
0,CD.LA.WHI.M.4,CD,LA,WHI,M,4,426830,0,60,426770,59160971,0.007214723,0.999859,Y
0,CD.LA.WHI.M.5,CD,LA,WHI,M,5,440268,0,47,440221,59160971,0.007441866,0.999893,Y
0,CD.LA.ROS.M.2,CD,LA,ROS,M,2,685718,0,78,685640,50491376,0.013580893,0.999886,Y
0,CD.LA.ROS.M.4,CD,LA,ROS,M,4,27930,0,2,27928,50491376,0.000553164,0.999928,Y
0,PA.LA.ALL.M.1,PA,LA,ALL,M,1,198644,0,27,198617,55766489,0.003562068,0.999864,Y
0,PA.LA.ALL.M.2,PA,LA,ALL,M,2,418022,0,50,417972,55766489,0.007495935,0.999880,Y
0,PA.LA.ALL.M.3,PA,LA,ALL,M,3,88238,0,7,88231,55766489,0.001582276,0.999921,Y
0,TO.LA.HAR.M.1,TO,LA,HAR,M,1,54768,0,8,54760,53545784,0.001022826,0.999854,Y
0,TO.LA.HAR.M.2,TO,LA,HAR,M,2,831848,0,94,831754,53545784,0.015535266,0.999887,Y
0,TO.LA.HAR.M.3,TO,LA,HAR,M,3,10884,0,1,10883,53545784,0.000203265,0.999908,Y
0,EC.BA.LL-3.M.1,EC,BA,LL-3,M,1,133696,0,18,133678,77599742,0.001722892,0.999865,Y
0,EC.BA.LL-3.M.2,EC,BA,LL-3,M,2,16088,0,0,16088,77599742,0.00020732,1.000000,Y
0,EC.BA.LL-3.M.4,EC,BA,LL-3,M,4,12498,0,0,12498,77599742,0.000161057,1.000000,Y
0,TO.BA.LL-3.M.5,TO,BA,LL-3,M,5,44502,0,9,44493,75211753,0.000591689,0.999798,Y
0,CD.BA.GA.U.2,CD,BA,GA,U,2,244950,0,22,244928,75211753,0.003256805,0.999910,Y
0,EC.BA.ML.U.2,EC,BA,ML,U,2,90064,0,10,90054,75211753,0.001197472,0.999889,Y
0,LS.BA.WBO.U.1,LS,BA,WBO,U,1,2962,0,0,2962,74814215,3.95914E-05,1.000000,Y
0,LS.BA.WBO.U.2,LS,BA,WBO,U,2,115520,0,19,115501,74814215,0.001544092,0.999836,Y
0,LS.BA.WBO.U.4,LS,BA,WBO,U,4,62948,0,5,62943,74814215,0.000841391,0.999921,Y
0,TO.BA.LH-1.M.1,TO,BA,LH-1,M,1,28438,0,6,28432,74814215,0.000380115,0.999789,Y
0,TO.BA.RG-2.M.3,TO,BA,RG-2,M,3,927476,0,122,927354,51635318,0.017962047,0.999868,Y
0,PA.BA.RG-2.M.1,PA,BA,RG-2,M,1,100796,0,10,100786,51635318,0.001952075,0.999901,Y
0,PA.BA.RG-2.M.3,PA,BA,RG-2,M,3,683732,0,69,683663,60069844,0.011382284,0.999899,Y
0,PA.BA.RG-2.M.5,PA,BA,RG-2,M,5,227948,0,24,227924,60069844,0.003794716,0.999895,Y
0,PA.LA.SEP.M.3,PA,LA,SEP,M,3,767090,0,89,767001,60069844,0.012769968,0.999884,Y
0,TO.LA.ROS.M.2,TO,LA,ROS,M,2,340646,0,36,340610,59636458,0.005712043,0.999894,Y
0,TO.LA.ROS.M.4,TO,LA,ROS,M,4,126204,0,17,126187,59636458,0.002116222,0.999865,Y
0,TO.LA.ROS.M.5,TO,LA,ROS,M,5,264026,0,36,263990,59636458,0.004427258,0.999864,Y
0,PA.LA.ROS.M.2,PA,LA,ROS,M,2,207156,0,34,207122,59636458,0.003473647,0.999836,Y
0,PA.LA.WHI.M.1,PA,LA,WHI,M,1,207646,0,17,207629,63000304,0.003295952,0.999918,Y
0,CD.LA.VAL.M.1,CD,LA,VAL,M,1,855124,0,114,855010,63000304,0.013573331,0.999867,Y
0,TO.LA.WHI.M.1,TO,LA,WHI,M,1,65822,0,9,65813,41635282,0.001580919,0.999863,Y
0,TO.LA.WHI.M.2,TO,LA,WHI,M,2,21690,0,7,21683,41635282,0.000520952,0.999677,Y
0,TO.LA.WHI.M.3,TO,LA,WHI,M,3,108,0,0,108,41635282,2.59395E-06,1.000000,Y
0,TO.LA.WHI.M.4,TO,LA,WHI,M,4,857974,0,88,857886,41635282,0.020606898,0.999897,Y
0,TO.LA.HAR.M.5,TO,LA,HAR,M,5,189662,0,29,189633,66574923,0.00284885,0.999847,Y
0,CD.LA.HAR.M.2,CD,LA,HAR,M,2,160880,0,25,160855,66574923,0.002416526,0.999845,Y
0,LS.LA.HAR.M.1,LS,LA,HAR,M,1,491166,0,70,491096,66574923,0.007377643,0.999857,Y
0,LS.LA.HAR.M.2,LS,LA,HAR,M,2,26170,0,2,26168,66574923,0.000393091,0.999924,Y
0,TO.LA.MR1.M.5,TO,LA,MR1,M,5,589368,0,70,589298,61417779,0.009596049,0.999881,Y
0,LS.LA.VET.M.1,LS,LA,VET,M,1,596842,0,82,596760,61417779,0.00971774,0.999863,Y
0,LS.LA.VET.M.2,LS,LA,VET,M,2,209146,0,24,209122,61417779,0.003405301,0.999885,Y
0,LS.LA.GRI.M.2,LS,LA,GRI,M,2,925918,0,113,925805,35725836,0.025917322,0.999878,Y
0,LS.LA.GRI.M.4,LS,LA,GRI,M,4,280196,0,19,280177,35725836,0.007842952,0.999932,Y
0,LS.LA.GRI.M.5,LS,LA,GRI,M,5,44816,0,10,44806,35725836,0.001254442,0.999777,Y
0,LS.LA.NAV.M.1,LS,LA,NAV,M,1,220626,0,22,220604,67212621,0.003282509,0.999900,Y
0,LS.LA.NAV.M.3,LS,LA,NAV,M,3,851270,0,91,851179,67212621,0.01266533,0.999893,Y
0,LS.LA.WES.M.1,LS,LA,WES,M,1,542850,0,47,542803,69160701,0.007849111,0.999913,Y
0,LS.LA.VNH.M.1,LS,LA,VNH,M,1,820286,0,95,820191,60880965,0.013473604,0.999884,Y
0,LS.LA.VNH.M.3,LS,LA,VNH,M,3,119374,0,17,119357,60880965,0.001960777,0.999858,Y
0,LS.LA.HAR.M.3,LS,LA,HAR,M,3,965556,0,97,965459,57121254,0.01690362,0.999900,Y
0,LS.LA.HAR.M.4,LS,LA,HAR,M,4,58016,0,6,58010,57121254,0.001015664,0.999897,Y
0,LS.LA.HAR.M.5,LS,LA,HAR,M,5,436172,0,55,436117,57121254,0.007635897,0.999874,Y
0,CD.LA.LUB.M.1,CD,LA,LUB,M,1,892224,0,105,892119,57121254,0.015619825,0.999882,Y
0,CD.LA.LUB.M.4,CD,LA,LUB,M,4,146222,0,23,146199,57121254,0.002559853,0.999843,Y
0,PA.LA.LUB.M.3,PA,LA,LUB,M,3,401576,0,51,401525,53604939,0.007491399,0.999873,Y
0,LS.LA.LUB.M.1,LS,LA,LUB,M,1,29350,0,4,29346,53604939,0.000547524,0.999864,Y
0,LS.LA.LUB.M.2,LS,LA,LUB,M,2,796284,0,85,796199,53604939,0.014854676,0.999893,Y
0,TO.LA.LUB.M.1,TO,LA,LUB,M,1,151134,0,10,151124,53604939,0.002819404,0.999934,Y
0,TO.LA.LUB.M.2,TO,LA,LUB,M,2,988506,0,112,988394,56119676,0.01761425,0.999887,Y
0,TO.LA.LUB.M.3,TO,LA,LUB,M,3,19872,0,1,19871,56119676,0.0003541,0.999950,Y
0,TO.LA.LUB.M.4,TO,LA,LUB,M,4,246702,0,26,246676,56119676,0.004395998,0.999895,Y
0,TO.LA.LUB.M.5,TO,LA,LUB,M,5,93070,0,10,93060,56119676,0.00165842,0.999893,Y
0,CD.LA.GLO.M.1,CD,LA,GLO,M,1,541418,0,60,541358,56119676,0.009647561,0.999889,Y
0,CD.LA.GLO.M.3,CD,LA,GLO,M,3,355346,0,42,355304,56119676,0.006331932,0.999882,Y
0,TO.LA.GLO.M.1,TO,LA,GLO,M,1,776,0,0,776,93470629,8.30207E-06,1.000000,Y
0,TO.LA.GLO.M.3,TO,LA,GLO,M,3,231038,0,23,231015,93470629,0.002471771,0.999900,Y
0,TO.LA.GLO.M.4,TO,LA,GLO,M,4,284630,0,38,284592,93470629,0.003045128,0.999866,Y
0,PA.LA.GLO.M.1,PA,LA,GLO,M,1,361918,0,34,361884,93470629,0.003871997,0.999906,Y
0,LS.LA.GLO.M.2,LS,LA,GLO,M,2,968654,0,108,968546,86717338,0.011170246,0.999889,Y
0,LS.LA.GLO.M.4,LS,LA,GLO,M,4,404188,0,42,404146,86717338,0.004660983,0.999896,Y
0,TO.LA.ZOO.M.2,TO,LA,ZOO,M,2,515490,0,56,515434,86717338,0.005944486,0.999891,Y
0,TO.LA.ZOO.M.4,TO,LA,ZOO,M,4,835794,0,101,835693,86717338,0.009638142,0.999879,Y
0,TO.LA.ZOO.M.5,TO,LA,ZOO,M,5,56444,0,7,56437,86717338,0.000650896,0.999876,Y
0,CD.LA.ZOO.M.4,CD,LA,ZOO,M,4,631620,0,86,631534,85384472,0.007397364,0.999864,Y
0,PA.LA.ZOO.M.2,PA,LA,ZOO,M,2,393994,0,53,393941,85384472,0.004614352,0.999865,Y
0,TO.LA.NWH.M.2,TO,LA,NWH,M,2,135654,0,27,135627,86827234,0.001562344,0.999801,Y
0,TO.LA.NWH.M.5,TO,LA,NWH,M,5,79976,0,9,79967,86827234,0.000921093,0.999887,Y
0,PA.LA.KIN.M.1,PA,LA,KIN,M,1,902628,0,97,902531,54258268,0.016635769,0.999893,Y
0,PA.LA.KIN.M.3,PA,LA,KIN,M,3,88546,0,2,88544,54258268,0.001631936,0.999977,Y
0,LS.LA.ESM.M.3,LS,LA,ESM,M,3,989180,0,111,989069,48489652,0.020399816,0.999888,Y
0,LS.LA.PAR.M.1,LS,LA,PAR,M,1,319342,0,32,319310,48489652,0.006585776,0.999900,Y
0,LS.LA.FIG.U.2,LS,LA,FIG,U,2,675080,0,86,674994,60646289,0.011131431,0.999873,Y
0,LS.LA.FIG.U.4,LS,LA,FIG,U,4,92814,0,17,92797,60646289,0.001530415,0.999817,Y
0,EC.LA.DUR.U.3,EC,LA,DUR,U,3,442088,0,47,442041,57205652,0.007728048,0.999894,Y
0,EC.LA.DUR.U.5,EC,LA,DUR,U,5,190702,0,19,190683,57205652,0.003333622,0.999900,Y
0,EC.LA.SAN.U.1,EC,LA,SAN,U,1,852312,0,69,852243,65875026,0.012938317,0.999919,Y
0,EC.LA.SAN.U.3,EC,LA,SAN,U,3,101312,0,8,101304,65875026,0.001537942,0.999921,Y
0,EC.LA.VER.U.5,EC,LA,VER,U,5,911320,0,107,911213,61109961,0.01491279,0.999883,Y
0,EC.LA.VB2.U.2,EC,LA,VB2,U,2,727942,0,84,727858,61109961,0.011912002,0.999885,Y
0,LS.LA.PAR.M.3,LS,LA,PAR,M,3,906116,0,91,906025,46282440,0.019577965,0.999900,Y
0,LS.LA.PAR.M.5,LS,LA,PAR,M,5,276722,0,46,276676,46282440,0.005978985,0.999834,Y
0,LS.LA.MAD.M.3,LS,LA,MAD,M,3,775324,0,82,775242,46282440,0.016752012,0.999894,Y
0,LS.LA.MAD.M.5,LS,LA,MAD,M,5,266676,0,33,266643,46282440,0.005761926,0.999876,Y
0,TO.LA.RID.M.2,TO,LA,RID,M,2,74164,0,9,74155,54447850,0.001362111,0.999879,Y
0,TO.LA.RID.M.3,TO,LA,RID,M,3,432584,0,57,432527,54447850,0.007944923,0.999868,Y
0,TO.LA.RID.M.4,TO,LA,RID,M,4,103204,0,5,103199,54447850,0.001895465,0.999952,Y
0,TO.LA.RID.M.5,TO,LA,RID,M,5,151914,0,14,151900,54447850,0.002790083,0.999908,Y
0,PA.LA.POP.M.2,PA,LA,POP,M,2,982368,0,122,982246,54447850,0.018042365,0.999876,Y
0,TO.LA.VNS.M.1,TO,LA,VNS,M,1,74024,0,13,74011,55010486,0.001345634,0.999824,Y
0,TO.LA.VNS.M.4,TO,LA,VNS,M,4,131326,0,8,131318,55010486,0.00238729,0.999939,Y
0,TO.LA.STC.M.1,TO,LA,STC,M,1,332768,0,41,332727,55010486,0.006049174,0.999877,Y
0,TO.LA.STC.M.2,TO,LA,STC,M,2,772468,0,86,772382,68783787,0.011230379,0.999889,Y
0,TO.LA.STC.M.4,TO,LA,STC,M,4,151898,0,16,151882,68783787,0.00220834,0.999895,Y
0,TO.LA.PEP.M.2,TO,LA,PEP,M,2,418906,0,61,418845,68783787,0.006090185,0.999854,Y
0,TO.LA.PEP.M.4,TO,LA,PEP,M,4,312300,0,32,312268,68783787,0.004540314,0.999898,Y
0,TO.LA.COM.M.5,TO,LA,COM,M,5,975156,0,110,975046,70167322,0.01389758,0.999887,Y
0,LS.LA.STO.U.2,LS,LA,STO,U,2,339438,0,41,339397,70167322,0.004837551,0.999879,Y
0,LS.LA.STO.U.3,LS,LA,STO,U,3,161394,0,14,161380,70167322,0.002300131,0.999913,Y
0,LS.LA.STO.U.5,LS,LA,STO,U,5,220328,0,32,220296,70167322,0.003140037,0.999855,Y
0,LS.LA.MAR.U.1,LS,LA,MAR,U,1,0,0,0,0,48063,0,0.000000,Y
0,LS.LA.MAR.U.2,LS,LA,MAR,U,2,10676,0,3,10673,48063,0.222125127,0.999719,Y
0,LS.LA.MAR.U.3,LS,LA,MAR,U,3,116,0,0,116,48063,0.002413499,1.000000,Y
0,LS.LA.MAR.U.4,LS,LA,MAR,U,4,5620,0,0,5620,48063,0.116929863,1.000000,Y
0,LS.LA.MAR.U.5,LS,LA,MAR,U,5,4862,0,1,4861,48063,0.101158896,0.999794,Y
0,LS.LA.CRI.U.1,LS,LA,CRI,U,1,436,0,0,436,48063,0.009071427,1.000000,Y
0,LS.LA.CRI.U.2,LS,LA,CRI,U,2,2252,0,0,2252,48063,0.046855169,1.000000,Y
0,LS.LA.CRI.U.3,LS,LA,CRI,U,3,442,0,0,442,48063,0.009196263,1.000000,Y
0,LS.LA.CRI.U.4,LS,LA,CRI,U,4,5984,0,1,5983,48063,0.124503256,0.999833,Y
0,LS.LA.VER.U.4,LS,LA,VER,U,4,7930,0,0,7930,39764,0.199426617,1.000000,Y
0,LS.LA.VER.U.5,LS,LA,VER,U,5,280,0,0,280,39764,0.007041545,1.000000,Y
0,LS.LA.CAN.U.1,LS,LA,CAN,U,1,1388,0,0,1388,39764,0.034905945,1.000000,Y
0,LS.LA.CAN.U.2,LS,LA,CAN,U,2,298,0,0,298,39764,0.007494216,1.000000,Y
0,LS.LA.CAN.U.3,LS,LA,CAN,U,3,400,0,0,400,39764,0.01005935,1.000000,Y
0,LS.LA.CAN.U.4,LS,LA,CAN,U,4,5496,0,0,5496,39764,0.138215471,1.000000,Y
0,LS.LA.CAN.U.5,LS,LA,CAN,U,5,272,0,0,272,39764,0.006840358,1.000000,Y
0,LS.LA.MRC.U.1,LS,LA,MRC,U,1,3712,0,0,3712,39764,0.09335077,1.000000,Y
0,LS.LA.MRC.U.2,LS,LA,MRC,U,2,5766,0,0,5766,39764,0.145005533,1.000000,Y
0,LS.LA.VB1.U.5,LS,LA,VB1,U,5,475410,0,73,475337,53440529,0.008896057,0.999846,Y
0,LS.LA.HOW.U.2,LS,LA,HOW,U,2,356486,0,38,356448,53440529,0.006670705,0.999893,Y
0,EC.LA.VB2.U.3,EC,LA,VB2,U,3,693562,0,70,693492,69477119,0.009982596,0.999899,Y
0,EC.LA.VB2.U.5,EC,LA,VB2,U,5,505846,0,51,505795,69477119,0.007280757,0.999899,Y
0,EC.LA.AC2.U.3,EC,LA,AC2,U,3,499270,0,58,499212,69477119,0.007186107,0.999884,Y
0,EC.LA.AC2.U.5,EC,LA,AC2,U,5,808746,0,85,808661,69477119,0.011640465,0.999895,Y
0,PA.BO.R3.U.5,PA,BO,R3,U,5,677442,0,66,677376,70663733,0.009586841,0.999903,Y
0,PA.BO.HC4.M.2,PA,BO,HC4,M,2,150288,0,20,150268,70663733,0.002126805,0.999867,Y
0,DS.BO.HC1.M.4,DS,BO,HC1,M,4,406984,0,51,406933,65309760,0.006231595,0.999875,Y
0,DS.BO.HC2.M.1,DS,BO,HC2,M,1,879640,0,104,879536,65309760,0.013468737,0.999882,Y
0,DS.BO.HC4.M.2,DS,BO,HC4,M,2,401016,0,47,400969,61537140,0.00651665,0.999883,Y
0,DS.BO.LC1.M.4,DS,BO,LC1,M,4,477816,0,58,477758,56250626,0.008494412,0.999879,Y
0,DS.BO.LC2.M.1,DS,BO,LC2,M,1,101360,0,14,101346,56250626,0.001801936,0.999862,Y
0,EC.LA.AC1.U.5,EC,LA,AC1,U,5,718948,0,71,718877,69146359,0.010397482,0.999901,Y
0,EC.LA.VB1.U.2,EC,LA,VB1,U,2,584058,0,58,584000,69146359,0.008446692,0.999901,Y
0,EC.LA.SGR.U.1,EC,LA,SGR,U,1,374786,0,25,374761,60763308,0.006167966,0.999933,Y
0,PA.BO.R4.U.1,PA,BO,R4,U,1,727474,0,70,727404,60763308,0.011972258,0.999904,Y
0,PA.BO.R4.U.5,PA,BO,R4,U,5,699474,0,87,699387,66864334,0.010461093,0.999876,Y
0,PA.BO.WL2.M.3,PA,BO,WL2,M,3,315002,0,43,314959,66864334,0.004711062,0.999863,Y
0,PA.BO.LC1.M.1,PA,BO,LC1,M,1,254702,0,20,254682,83714210,0.003042518,0.999921,Y
0,PA.BO.LC1.M.3,PA,BO,LC1,M,3,824350,0,93,824257,83714210,0.009847193,0.999887,Y
0,PA.BO.LC1.M.4,PA,BO,LC1,M,4,646710,0,62,646648,83714210,0.007725212,0.999904,Y
0,PA.BO.WL4.M.2,PA,BO,WL4,M,2,737552,0,73,737479,83714210,0.008810356,0.999901,Y
0,PA.BO.I4.U.3,PA,BO,I4,U,3,449926,0,48,449878,77735598,0.005787902,0.999893,Y
0,PA.BO.I4.U.5,PA,BO,I4,U,5,188782,0,23,188759,77735598,0.002428514,0.999878,Y
0,PA.BO.LC4.M.3,PA,BO,LC4,M,3,517876,0,51,517825,77735598,0.006662019,0.999902,Y
0,PA.BO.LC4.M.5,PA,BO,LC4,M,5,404074,0,40,404034,77735598,0.005198056,0.999901,Y
0,PA.BO.R1.U.3,PA,BO,R1,U,3,404144,0,43,404101,72901024,0.005543736,0.999894,Y
0,PA.BO.LC3.M.1,PA,BO,LC3,M,1,458344,0,53,458291,72901024,0.006287209,0.999884,Y
0,PA.BO.WL3.M.3,PA,BO,WL3,M,3,414626,0,52,414574,89041912,0.004656526,0.999875,Y
0,PA.BO.WL3.M.5,PA,BO,WL3,M,5,164784,0,20,164764,89041912,0.001850634,0.999879,Y
0,PA.BO.WL1.M.5,PA,BO,WL1,M,5,670968,0,63,670905,89041912,0.007535418,0.999906,Y
0,PA.BO.I2.U.1,PA,BO,I2,U,1,114496,0,15,114481,54093537,0.00211663,0.999869,Y
0,DS.BO.LC2.M.4,DS,BO,LC2,M,4,664044,0,78,663966,53940046,0.012310779,0.999883,Y
0,DS.BO.LC3.M.3,DS,BO,LC3,M,3,918942,0,123,918819,53940046,0.017036359,0.999866,Y
0,DS.BO.LC3.M.4,DS,BO,LC3,M,4,448314,0,57,448257,53940046,0.008311339,0.999873,Y
0,DS.BO.LC4.M.1,DS,BO,LC4,M,1,310688,0,23,310665,53940046,0.005759876,0.999926,Y
0,LS.BO.I1.U.2,LS,BO,I1,U,2,589590,0,48,589542,50386273,0.011701401,0.999919,Y
0,LS.BO.I2.U.2,LS,BO,I2,U,2,180934,0,22,180912,50386273,0.003590938,0.999878,Y
0,LS.BO.I4.U.3,LS,BO,I4,U,3,255038,0,28,255010,65982292,0.003865249,0.999890,Y
0,LS.BO.I4.U.4,LS,BO,I4,U,4,995932,0,116,995816,65982292,0.015093929,0.999884,Y
0,LS.BO.I4.U.5,LS,BO,I4,U,5,220036,0,26,220010,65982292,0.003334774,0.999882,Y
0,LS.BO.R2.U.3,LS,BO,R2,U,3,861644,0,102,861542,60010237,0.014358284,0.999882,Y
0,LS.BO.R2.U.5,LS,BO,R2,U,5,53628,0,5,53623,60010237,0.000893648,0.999907,Y
0,LS.BO.R4.U.3,LS,BO,R4,U,3,458340,0,31,458309,67481107,0.006792123,0.999932,Y
0,EC.BO.LC2.M.1,EC,BO,LC2,M,1,103144,0,5,103139,67481107,0.001528487,0.999952,Y
0,TO.BO.HC2.M.2,TO,BO,HC2,M,2,456378,0,47,456331,58789797,0.007762878,0.999897,Y
0,DS.BO.LC4.M.3,DS,BO,LC4,M,3,963338,0,102,963236,57204653,0.016840204,0.999894,Y
0,DS.BO.LC4.M.5,DS,BO,LC4,M,5,192014,0,31,191983,57204653,0.003356615,0.999839,Y
0,DS.BO.WL1.M.3,DS,BO,WL1,M,3,501426,0,51,501375,57204653,0.008765476,0.999898,Y
0,DS.BO.WL1.M.5,DS,BO,WL1,M,5,918954,0,93,918861,57204653,0.016064323,0.999899,Y
0,DS.BO.WL2.M.2,DS,BO,WL2,M,2,239894,0,28,239866,38277506,0.006267232,0.999883,Y
0,DS.BO.WL2.M.4,DS,BO,WL2,M,4,352488,0,45,352443,38277506,0.00920875,0.999872,Y
0,DS.BO.WL2.M.5,DS,BO,WL2,M,5,551866,0,78,551788,38277506,0.014417501,0.999859,Y
0,DS.BO.WL3.M.2,DS,BO,WL3,M,2,98168,0,17,98151,38277506,0.002564639,0.999827,Y
0,DS.BO.WL4.M.1,DS,BO,WL4,M,1,133062,0,10,133052,53104248,0.002505675,0.999925,Y
0,DS.BO.WL4.M.4,DS,BO,WL4,M,4,400118,0,47,400071,53104248,0.007534576,0.999883,Y
0,DS.BO.I1.U.1,DS,BO,I1,U,1,342886,0,34,342852,53104248,0.006456847,0.999901,Y
0,DS.BO.I1.U.2,DS,BO,I1,U,2,401756,0,44,401712,122750254,0.003272955,0.999890,Y
0,DS.BO.I1.U.4,DS,BO,I1,U,4,161772,0,29,161743,122750254,0.001317895,0.999821,Y
0,DS.BO.I4.U.2,DS,BO,I4,U,2,869260,0,126,869134,122750254,0.007081533,0.999855,Y
0,DS.BO.R1.U.5,DS,BO,R1,U,5,615246,0,79,615167,79125897,0.007775533,0.999872,Y
0,DS.BO.R3.U.2,DS,BO,R3,U,2,604170,0,61,604109,79125897,0.007635553,0.999899,Y
0,DS.BO.R3.U.3,DS,BO,R3,U,3,616136,0,68,616068,79125897,0.007786781,0.999890,Y
0,DS.BO.R3.U.5,DS,BO,R3,U,5,152536,0,18,152518,79125897,0.001927763,0.999882,Y
0,DS.BO.R4.U.3,DS,BO,R4,U,3,279376,0,35,279341,112390624,0.002485759,0.999875,Y
0,LS.BO.HC2.M.1,LS,BO,HC2,M,1,122412,0,14,122398,112390624,0.001089166,0.999886,Y
0,LS.BO.HC2.M.2,LS,BO,HC2,M,2,479718,0,46,479672,112390624,0.00426831,0.999904,Y
0,LS.BO.HC2.M.3,LS,BO,HC2,M,3,90396,0,8,90388,112390624,0.000804302,0.999912,Y
0,LS.BO.HC2.M.4,LS,BO,HC2,M,4,1023704,0,124,1023580,112390624,0.009108447,0.999879,Y
0,LS.BO.HC4.M.5,LS,BO,HC4,M,5,203814,0,35,203779,76488205,0.002664646,0.999828,Y
0,LS.BO.LC1.M.1,LS,BO,LC1,M,1,857668,0,84,857584,76488205,0.011213075,0.999902,Y
0,LS.BO.LC4.M.1,LS,BO,LC4,M,1,123762,0,12,123750,76488205,0.001618053,0.999903,Y
0,LS.BO.WL2.M.4,LS,BO,WL2,M,4,589040,0,57,588983,45210173,0.013028926,0.999903,Y
0,LS.BO.WL3.M.2,LS,BO,WL3,M,2,939762,0,78,939684,45210173,0.020786516,0.999917,Y
0,TO.BO.HC4.M.1,TO,BO,HC4,M,1,429498,0,62,429436,49249084,0.008720934,0.999856,Y
0,TO.BO.HC4.M.2,TO,BO,HC4,M,2,743652,0,72,743580,49249084,0.015099814,0.999903,Y
0,TO.BO.HC4.M.3,TO,BO,HC4,M,3,477580,0,50,477530,49249084,0.009697236,0.999895,Y
0,TO.BO.R4.U.6,TO,BO,R4,U,6,317236,0,60,317176,63510389,0.004995025,0.999811,Y
0,TO.MN.L01-TO.PA.M.2,TO,MN,L01-TO,PA,M,145230,0,14,145216,63510389,0.002286712,0.999904,Y
0,TO.MN.L02-TO.M.2,TO,MN,L02-TO,M,2,439282,0,47,439235,63510389,0.006916695,0.999893,Y
0,TO.MN.L03-TO.M.3,TO,MN,L03-TO,M,3,159470,0,18,159452,74214912,0.00214876,0.999887,Y
0,TO.MN.L03-TO.M.5,TO,MN,L03-TO,M,5,947258,0,119,947139,74214912,0.012763715,0.999874,Y
0,TO.MN.L04-TO.M.1,TO,MN,L04-TO,M,1,209464,0,18,209446,74214912,0.002822398,0.999914,Y
0,TO.MN.L04-TO.M.3,TO,MN,L04-TO,M,3,557846,0,55,557791,74214912,0.00751663,0.999901,Y
0,TO.MN.L05-TO.M.4,TO,MN,L05-TO,M,4,324466,0,25,324441,70726224,0.004587634,0.999923,Y
0,TO.MN.L06-TO.M.1,TO,MN,L06-TO,M,1,416544,0,40,416504,70726224,0.005889527,0.999904,Y
0,TO.MN.L06-TO.M.4,TO,MN,L06-TO,M,4,886518,0,115,886403,70726224,0.012534502,0.999870,Y
0,TO.MN.L07-TO.M.1,TO,MN,L07-TO,M,1,581120,0,70,581050,70726224,0.008216471,0.999880,Y
0,TO.MN.L08-TO.M.3,TO,MN,L08-TO,M,3,406460,0,47,406413,75745737,0.005366111,0.999884,Y
0,TO.MN.L09-TO.M.3,TO,MN,L09-TO,M,3,819840,0,98,819742,75745737,0.010823579,0.999880,Y
0,TO.MN.L10-TO.M.2,TO,MN,L10-TO,M,2,845216,0,101,845115,60676252,0.013929931,0.999881,Y
0,TO.MN.L10-TO.M.5,TO,MN,L10-TO,M,5,599200,0,64,599136,60676252,0.009875363,0.999893,Y
0,TO.BO.LC1.M.3,TO,BO,LC1,M,3,842264,0,96,842168,56315549,0.014956154,0.999886,Y
0,TO.BO.LC1.M.5,TO,BO,LC1,M,5,66070,0,9,66061,56315549,0.001173211,0.999864,Y
0,TO.BO.LC2.M.4,TO,BO,LC2,M,4,634234,0,72,634162,54020903,0.011740529,0.999886,Y
0,TO.BO.LC3.M.2,TO,BO,LC3,M,2,353966,0,37,353929,54020903,0.00655239,0.999895,Y
0,TO.BO.LC3.M.3,TO,BO,LC3,M,3,528142,0,60,528082,54020903,0.009776623,0.999886,Y
0,TO.BO.LC3.M.4,TO,BO,LC3,M,4,777456,0,81,777375,54020903,0.014391762,0.999896,Y
0,TO.BO.LC4.M.4,TO,BO,LC4,M,4,145248,0,15,145233,50326092,0.002886137,0.999897,Y
0,TO.BO.WL1.M.1,TO,BO,WL1,M,1,112860,0,17,112843,50326092,0.002242574,0.999849,Y
0,TO.BO.WL2.M.2,TO,BO,WL2,M,2,528430,0,51,528379,54745569,0.009652471,0.999903,Y
0,TO.BO.WL2.M.4,TO,BO,WL2,M,4,140398,0,13,140385,54745569,0.002564555,0.999907,Y
0,TO.BO.WL4.M.4,TO,BO,WL4,M,4,801662,0,115,801547,51207283,0.015655234,0.999857,Y
0,TO.BO.I1.U.4,TO,BO,I1,U,4,648348,0,64,648284,52866544,0.012263862,0.999901,Y
0,TO.BO.I2.U.1,TO,BO,I2,U,1,95438,0,10,95428,52866544,0.001805263,0.999895,Y
0,TO.BO.I3.U.3,TO,BO,I3,U,3,344650,0,33,344617,44452651,0.007753193,0.999904,Y
0,TO.BO.I4.U.1,TO,BO,I4,U,1,835162,0,101,835061,44452651,0.018787676,0.999879,Y
0,TO.BO.I4.U.3,TO,BO,I4,U,3,838208,0,95,838113,70134999,0.011951351,0.999887,Y
0,TO.BO.I4.U.5,TO,BO,I4,U,5,525294,0,65,525229,70134999,0.007489756,0.999876,Y
0,TO.BO.R2.U.1,TO,BO,R2,U,1,724636,0,85,724551,70134999,0.010332017,0.999883,Y
0,TO.BO.R2.U.3,TO,BO,R2,U,3,343736,0,48,343688,70134999,0.004901062,0.999860,Y